profile,seed,mode,generated,completed,completion_rate,timeout_rate_completed_only,avg_delay_s,unfinished,swap_sessions,energy_wh,distance_m,empty_m,loaded_m,empty_ratio,max_waiting,config_sha256,tape_sha256
normal,51001,assigned,102,97,0.9509803921568627,0.061855670103092786,6.943298969072165,5,18,28459.948226503235,290299.5308535442,150373.3108190927,139926.22003445914,0.517993640489057,12,c49b619cdd1452c24b86648baed579652e62985db2cc197eb931c91e773d1264,44d103f4dbdae570e9721026afbc88ca0fe559ceb2c4beac74c005899004078b
normal,51001,onboard,102,97,0.9509803921568627,0.05154639175257736,5.804123711340206,5,16,26827.163582784153,294726.980294407,150736.2315987756,143990.7486956405,0.5114436128250051,12,c49b619cdd1452c24b86648baed579652e62985db2cc197eb931c91e773d1264,44d103f4dbdae570e9721026afbc88ca0fe559ceb2c4beac74c005899004078b
normal,51002,assigned,101,97,0.9603960396039604,0.04123711340206182,3.3608247422680413,4,19,27241.372023958545,284533.00786089833,147695.46155709712,136837.54630380368,0.5190802384140333,12,c49b619cdd1452c24b86648baed579652e62985db2cc197eb931c91e773d1264,2d35eb58029424f9968db973a8bf1d70ae0cfc5f82fb24afab1b85bacbc850f6
normal,51002,onboard,101,98,0.9702970297029703,0.061224489795918324,3.8520408163265305,3,16,24568.530288071783,278789.5253989711,143731.99616980524,135057.5292291734,0.5155573759957901,12,c49b619cdd1452c24b86648baed579652e62985db2cc197eb931c91e773d1264,2d35eb58029424f9968db973a8bf1d70ae0cfc5f82fb24afab1b85bacbc850f6
normal,51003,assigned,97,94,0.9690721649484536,0.0957446808510638,8.313829787234043,3,14,26152.77370443037,279801.58658088016,140093.17538688582,139708.41119399498,0.5006875661385506,12,c49b619cdd1452c24b86648baed579652e62985db2cc197eb931c91e773d1264,bb9124a5a3a0a6c9d9baf44248d1b0e06d00cc5494883024145841d083e6b1b5
normal,51003,onboard,97,93,0.9587628865979382,0.053763440860215006,4.838709677419355,4,16,25533.61784733043,287886.6583436747,147405.05735197477,140481.60099169673,0.512024621773215,12,c49b619cdd1452c24b86648baed579652e62985db2cc197eb931c91e773d1264,bb9124a5a3a0a6c9d9baf44248d1b0e06d00cc5494883024145841d083e6b1b5
normal,51004,assigned,101,96,0.9504950495049505,0.07291666666666663,6.708333333333333,5,17,26638.203855275067,287622.9632068722,149803.85405614137,137819.10915073258,0.5208341239026706,12,c49b619cdd1452c24b86648baed579652e62985db2cc197eb931c91e773d1264,1b18822051ba652a025a707f19062472e6080c8e4083878f59d4be00e5f56b05
normal,51004,onboard,101,97,0.9603960396039604,0.05154639175257736,5.943298969072165,4,16,24774.527201734432,290114.004736959,148553.24541783932,141560.75931912192,0.5120512729212429,12,c49b619cdd1452c24b86648baed579652e62985db2cc197eb931c91e773d1264,1b18822051ba652a025a707f19062472e6080c8e4083878f59d4be00e5f56b05
normal,51005,assigned,101,98,0.9702970297029703,0.0714285714285714,7.23469387755102,3,18,26955.553216091823,292804.2729415875,145920.87722655837,146883.39571502185,0.49835637902616475,12,c49b619cdd1452c24b86648baed579652e62985db2cc197eb931c91e773d1264,59807ad86df0fc12d0f6b90ae05548c9cc96342d9f8a2b882b963748a1d30e9a
normal,51005,onboard,101,97,0.9603960396039604,0.05154639175257736,3.597938144329897,4,17,25622.359698146633,298666.5904936114,149223.07602036255,149443.51447325607,0.49963096231734194,12,c49b619cdd1452c24b86648baed579652e62985db2cc197eb931c91e773d1264,59807ad86df0fc12d0f6b90ae05548c9cc96342d9f8a2b882b963748a1d30e9a
normal,51006,assigned,99,96,0.9696969696969697,0.0625,5.395833333333333,3,16,27189.65551898158,284719.9096381837,149130.60382102733,135589.30581716204,0.523780033544333,12,c49b619cdd1452c24b86648baed579652e62985db2cc197eb931c91e773d1264,2ac7807e03e538c150fd63d8a793bee4383860e34022a0eb024e8c233f9bc3bb
normal,51006,onboard,99,96,0.9696969696969697,0.03125,3.625,3,14,25662.05689143409,282404.9284433055,145741.68253667446,136663.24590664246,0.51607343873226,12,c49b619cdd1452c24b86648baed579652e62985db2cc197eb931c91e773d1264,2ac7807e03e538c150fd63d8a793bee4383860e34022a0eb024e8c233f9bc3bb
normal,51007,assigned,101,97,0.9603960396039604,0.05154639175257736,6.324742268041237,4,18,27821.329349409993,292445.9733108455,152953.40418291374,139492.56912793833,0.5230142253329545,12,c49b619cdd1452c24b86648baed579652e62985db2cc197eb931c91e773d1264,2aa18f24aeb7ba8c7cbadb267e45fa1af9e6829e1a73b87b98bf2a461f899f97
normal,51007,onboard,101,97,0.9603960396039604,0.05154639175257736,4.335051546391752,4,15,25800.54468937985,292542.43101309723,153184.43673620909,139357.99427689597,0.5236315163093417,12,c49b619cdd1452c24b86648baed579652e62985db2cc197eb931c91e773d1264,2aa18f24aeb7ba8c7cbadb267e45fa1af9e6829e1a73b87b98bf2a461f899f97
normal,51008,assigned,99,96,0.9696969696969697,0.05208333333333337,4.375,3,17,27794.973816284408,295532.1087047134,148468.4170529665,147063.69165174308,0.5023766036918567,12,c49b619cdd1452c24b86648baed579652e62985db2cc197eb931c91e773d1264,2641bd6bf01fbd6bc48119f28e303d7428785a94585af2ba5888f3a15d279253
normal,51008,onboard,99,96,0.9696969696969697,0.05208333333333337,4.395833333333333,3,14,25905.173003284435,287092.36624988745,144040.21734383923,143052.14890605336,0.5017208197673411,12,c49b619cdd1452c24b86648baed579652e62985db2cc197eb931c91e773d1264,2641bd6bf01fbd6bc48119f28e303d7428785a94585af2ba5888f3a15d279253
normal,51009,assigned,99,95,0.9595959595959596,0.06315789473684208,4.894736842105263,4,17,27714.298492705406,293146.21496089414,151856.81031884984,141289.40464205845,0.5180241209633479,12,c49b619cdd1452c24b86648baed579652e62985db2cc197eb931c91e773d1264,142a1900257447e64130d1cb57ccf740c9f350ab02c38f64fabb48814f41606f
normal,51009,onboard,99,96,0.9696969696969697,0.04166666666666663,4.828125,3,17,26223.577896260347,299669.67207539413,158195.48418383376,141474.18789157135,0.5278995471521497,12,c49b619cdd1452c24b86648baed579652e62985db2cc197eb931c91e773d1264,142a1900257447e64130d1cb57ccf740c9f350ab02c38f64fabb48814f41606f
normal,51010,assigned,99,96,0.9696969696969697,0.02083333333333337,1.6041666666666667,3,16,27611.465263907332,293393.39795706276,147657.41705895666,145735.98089811264,0.5032745047677109,12,c49b619cdd1452c24b86648baed579652e62985db2cc197eb931c91e773d1264,e65d580e862de7efc9f67fa106112b54fe4245a70003982887086b572482f051
normal,51010,onboard,99,95,0.9595959595959596,0.08421052631578951,6.068421052631579,4,16,25936.543322619775,295668.8061518531,152054.10547313548,143614.70067872654,0.5142717199427582,12,c49b619cdd1452c24b86648baed579652e62985db2cc197eb931c91e773d1264,e65d580e862de7efc9f67fa106112b54fe4245a70003982887086b572482f051
elevated,51001,assigned,155,144,0.9290322580645162,0.07638888888888884,9.40625,11,30,34903.66245478877,419939.4751843412,211562.28402399356,208377.1911603512,0.5037923237178974,12,1e33df60334e066a7abaaa099305277726762966b8aa88393209d86ae49e572a,b4075242a807eb2d1c685cca42f4a88ca9a7a74f9e52544ad07c37deda21f47d
elevated,51001,onboard,155,145,0.9354838709677419,0.07586206896551728,6.941379310344828,10,28,33215.300943270726,431541.36151684937,219074.17993470503,212467.18158215238,0.5076551159885779,12,1e33df60334e066a7abaaa099305277726762966b8aa88393209d86ae49e572a,b4075242a807eb2d1c685cca42f4a88ca9a7a74f9e52544ad07c37deda21f47d
elevated,51002,assigned,162,152,0.9382716049382716,0.07236842105263153,8.30921052631579,10,31,35794.48730765768,440396.48950199585,220332.6909852612,220063.79851673113,0.5003052845276204,12,1e33df60334e066a7abaaa099305277726762966b8aa88393209d86ae49e572a,fcd0163d1b4e121a580242fa5bc14529a1b4fceea3d141a12433699d7f54fe92
elevated,51002,onboard,162,152,0.9382716049382716,0.08552631578947367,8.532894736842104,10,28,34164.80807409685,436335.36115495727,214716.38429502462,221618.9768599493,0.492090266822935,12,1e33df60334e066a7abaaa099305277726762966b8aa88393209d86ae49e572a,fcd0163d1b4e121a580242fa5bc14529a1b4fceea3d141a12433699d7f54fe92
elevated,51003,assigned,155,146,0.9419354838709677,0.08904109589041098,13.606164383561644,9,33,36776.141362372466,442861.09814216895,218926.54790459012,223934.55023759176,0.4943458543164012,12,1e33df60334e066a7abaaa099305277726762966b8aa88393209d86ae49e572a,2ea5395bfbfcfba23bc44d5438095c0c41df403b1f50d7442d28a17afc6bd65e
elevated,51003,onboard,155,145,0.9354838709677419,0.11724137931034484,20.56896551724138,10,30,34600.25236573573,444290.848366139,213683.80378005886,230607.0445861005,0.4809547722305605,12,1e33df60334e066a7abaaa099305277726762966b8aa88393209d86ae49e572a,2ea5395bfbfcfba23bc44d5438095c0c41df403b1f50d7442d28a17afc6bd65e
elevated,51004,assigned,162,151,0.9320987654320988,0.09933774834437081,13.612582781456954,11,33,36105.0735919715,449080.11955941375,224038.19626819078,225041.9232912153,0.4988824633074195,12,1e33df60334e066a7abaaa099305277726762966b8aa88393209d86ae49e572a,05f616b4c261c374fc215c8a58ea2f2272a25422142829035374bd80acf49fe1
elevated,51004,onboard,162,154,0.9506172839506173,0.10389610389610393,13.795454545454545,8,29,34484.59821878187,455691.6991679165,232793.09746992038,222898.60169797682,0.5108565679273853,12,1e33df60334e066a7abaaa099305277726762966b8aa88393209d86ae49e572a,05f616b4c261c374fc215c8a58ea2f2272a25422142829035374bd80acf49fe1
elevated,51005,assigned,155,147,0.9483870967741935,0.12244897959183676,20.571428571428573,8,33,37578.977660945355,461204.6101963114,228957.70818166266,232246.9020146455,0.49643412732627934,12,1e33df60334e066a7abaaa099305277726762966b8aa88393209d86ae49e572a,e9184011ad428bfb292d07e4e3eb92bc174a078e186c902694d1f4d89963643a
elevated,51005,onboard,155,144,0.9290322580645162,0.11111111111111116,19.59375,11,31,34425.856945245025,446556.9609427301,215449.73306549253,231107.22787722957,0.48246864769648834,12,1e33df60334e066a7abaaa099305277726762966b8aa88393209d86ae49e572a,e9184011ad428bfb292d07e4e3eb92bc174a078e186c902694d1f4d89963643a
elevated,51006,assigned,155,145,0.9354838709677419,0.1103448275862069,34.324137931034485,10,33,36928.68556706818,459471.44132105465,226408.27523132012,233063.1660897216,0.4927581017448217,12,1e33df60334e066a7abaaa099305277726762966b8aa88393209d86ae49e572a,26190603b71cba3f585dd623db8f8abfa5dab5b0522fe78d551b8aab06be6f60
elevated,51006,onboard,155,146,0.9419354838709677,0.10273972602739723,23.681506849315067,9,30,35077.09851442055,453937.136310541,223337.34589303922,230599.79041750566,0.492000605432407,12,1e33df60334e066a7abaaa099305277726762966b8aa88393209d86ae49e572a,26190603b71cba3f585dd623db8f8abfa5dab5b0522fe78d551b8aab06be6f60
elevated,51007,assigned,161,151,0.937888198757764,0.09933774834437081,14.195364238410596,10,31,35980.54576596747,443520.8358565933,220973.56294451968,222547.27291209492,0.49822588947313545,12,1e33df60334e066a7abaaa099305277726762966b8aa88393209d86ae49e572a,00e0e67d926c6890d6b73cd5943800a95494294e345f91f1d45abdbc9849db7a
elevated,51007,onboard,161,152,0.9440993788819876,0.07236842105263153,7.730263157894737,9,27,33724.84355977772,436755.74958924815,214177.85922383884,222577.89036542346,0.49038360553985794,12,1e33df60334e066a7abaaa099305277726762966b8aa88393209d86ae49e572a,00e0e67d926c6890d6b73cd5943800a95494294e345f91f1d45abdbc9849db7a
elevated,51008,assigned,162,153,0.9444444444444444,0.065359477124183,11.42483660130719,9,31,35497.316375219976,439210.2051185133,210716.6439254634,228493.56119304922,0.4797626318099898,12,1e33df60334e066a7abaaa099305277726762966b8aa88393209d86ae49e572a,76e0ed160d35fc800bf01cfbeb75d058fc536c70fe4f0f72b1844ece3c09d5dc
elevated,51008,onboard,162,152,0.9382716049382716,0.07894736842105265,12.990131578947368,10,30,35034.323731152974,459877.2937366779,231198.4140567208,228678.87967995944,0.5027393550530529,12,1e33df60334e066a7abaaa099305277726762966b8aa88393209d86ae49e572a,76e0ed160d35fc800bf01cfbeb75d058fc536c70fe4f0f72b1844ece3c09d5dc
elevated,51009,assigned,155,145,0.9354838709677419,0.11724137931034484,21.713793103448275,10,33,36897.886026850516,454946.92737165256,223550.20405367427,231396.7233179806,0.4913764454794371,12,1e33df60334e066a7abaaa099305277726762966b8aa88393209d86ae49e572a,0f25992701d71dedd22bc90996a341da16e36fa0d1bf27ddfdc5f4d67ce1ae0a
elevated,51009,onboard,155,147,0.9483870967741935,0.10204081632653061,18.30952380952381,8,32,35082.613457889354,459278.38024207816,228303.4515511828,230974.9286909042,0.49709165807205596,12,1e33df60334e066a7abaaa099305277726762966b8aa88393209d86ae49e572a,0f25992701d71dedd22bc90996a341da16e36fa0d1bf27ddfdc5f4d67ce1ae0a
elevated,51010,assigned,156,146,0.9358974358974359,0.1643835616438356,26.318493150684933,10,33,36647.79971732762,460140.1106543213,231326.34645466393,228813.76419966613,0.5027302360703065,12,1e33df60334e066a7abaaa099305277726762966b8aa88393209d86ae49e572a,2331c7ce6ce05c9268dafd38ce48225019f285ca9ba5f3b39232df995136d05c
elevated,51010,onboard,156,147,0.9423076923076923,0.09523809523809523,14.60204081632653,9,31,34080.20407100292,450696.5220634192,226229.37146555184,224467.15059786997,0.5019549971892577,12,1e33df60334e066a7abaaa099305277726762966b8aa88393209d86ae49e572a,2331c7ce6ce05c9268dafd38ce48225019f285ca9ba5f3b39232df995136d05c
high,51001,assigned,245,190,0.7755102040816326,0.1947368421052632,74.12105263157895,55,37,40043.02074800992,512127.07335381594,211956.47497524845,300170.59837855014,0.413874770547061,50,5ce66b38d35f7990f5c73f5e4b80abd2631d1fa87b50bd27636c76b6e8406789,5c06d03bfcce2960d29f639d7bc50847c0cc8b953a5cc01fbcb37042069c2832
high,51001,onboard,245,186,0.7591836734693878,0.18279569892473113,72.8252688172043,59,37,38190.675049365695,515568.05449799675,211492.02729837692,304076.02719961153,0.41021165965045003,52,5ce66b38d35f7990f5c73f5e4b80abd2631d1fa87b50bd27636c76b6e8406789,5c06d03bfcce2960d29f639d7bc50847c0cc8b953a5cc01fbcb37042069c2832
high,51002,assigned,245,190,0.7755102040816326,0.1947368421052632,101.52105263157895,55,37,40033.56769040361,516415.6390951023,210692.92256993425,305722.7165251743,0.4079909797835022,52,5ce66b38d35f7990f5c73f5e4b80abd2631d1fa87b50bd27636c76b6e8406789,8a9482a14e50f61d06e0b4601f3930e8a8907bc7857fe0c22f109e6455cdebe6
high,51002,onboard,245,187,0.763265306122449,0.18181818181818177,74.04010695187166,58,37,38045.59267675963,517465.34019250865,209461.68562973826,308003.65456278576,0.4047839910433689,51,5ce66b38d35f7990f5c73f5e4b80abd2631d1fa87b50bd27636c76b6e8406789,8a9482a14e50f61d06e0b4601f3930e8a8907bc7857fe0c22f109e6455cdebe6
high,51003,assigned,244,182,0.7459016393442623,0.18131868131868134,58.14835164835165,62,37,39751.30469068919,504646.8461170748,218419.01311111663,286227.8330059406,0.43281557150650424,55,5ce66b38d35f7990f5c73f5e4b80abd2631d1fa87b50bd27636c76b6e8406789,34d4a30cccc8c380a9344b83dcdcd424fe14be8ccc8fe0e5fc61e0427732062a
high,51003,onboard,244,188,0.7704918032786885,0.19148936170212771,52.75797872340426,56,37,37673.04176985061,512787.62230843626,217764.35560766194,295023.2667007629,0.42466773013619863,50,5ce66b38d35f7990f5c73f5e4b80abd2631d1fa87b50bd27636c76b6e8406789,34d4a30cccc8c380a9344b83dcdcd424fe14be8ccc8fe0e5fc61e0427732062a
high,51004,assigned,244,188,0.7704918032786885,0.15957446808510634,57.84308510638298,56,38,40138.25786466087,509895.5708544938,215717.2030935446,294178.36776093044,0.4230615353885917,51,5ce66b38d35f7990f5c73f5e4b80abd2631d1fa87b50bd27636c76b6e8406789,1a4ed3bf84a677577e618c6536b1521273824a6a42f3c7f9b1b84ca96e68c5b8
high,51004,onboard,244,186,0.7622950819672131,0.18279569892473113,83.88440860215054,58,37,37955.68533258604,516712.7210777152,216839.28135077877,299873.4397269399,0.4196515249295855,51,5ce66b38d35f7990f5c73f5e4b80abd2631d1fa87b50bd27636c76b6e8406789,1a4ed3bf84a677577e618c6536b1521273824a6a42f3c7f9b1b84ca96e68c5b8
high,51005,assigned,245,191,0.7795918367346939,0.20418848167539272,85.35602094240838,54,38,40085.69000775123,512766.19635258504,215081.49258199704,297684.7037705816,0.4194533378212476,53,5ce66b38d35f7990f5c73f5e4b80abd2631d1fa87b50bd27636c76b6e8406789,88db7bb29928f984e8c4d691443caa0b2c08f3efe91a5b1edb010ebda51d9e8d
high,51005,onboard,245,196,0.8,0.16836734693877553,80.19132653061224,49,37,38385.8229208861,521662.3252061961,211444.88463354183,310217.44057264586,0.4053290307095966,44,5ce66b38d35f7990f5c73f5e4b80abd2631d1fa87b50bd27636c76b6e8406789,88db7bb29928f984e8c4d691443caa0b2c08f3efe91a5b1edb010ebda51d9e8d
high,51006,assigned,244,192,0.7868852459016393,0.1875,62.046875,52,38,40174.014395193626,514135.98979368736,218723.82545778897,295412.16433587455,0.42542018026312167,47,5ce66b38d35f7990f5c73f5e4b80abd2631d1fa87b50bd27636c76b6e8406789,a8c225da94ad7bcda0ce2e538386a1bb5070b3ae3647ed13469ac4a9a7da8c20
high,51006,onboard,244,194,0.7950819672131147,0.17525773195876293,87.69329896907216,50,37,37894.67281416476,518703.9492708059,222341.52188364943,296362.4273871501,0.42864821483664656,42,5ce66b38d35f7990f5c73f5e4b80abd2631d1fa87b50bd27636c76b6e8406789,a8c225da94ad7bcda0ce2e538386a1bb5070b3ae3647ed13469ac4a9a7da8c20
high,51007,assigned,245,194,0.7918367346938775,0.1649484536082474,45.40721649484536,51,38,39976.75405585787,517299.5781743764,217660.07555238207,299639.5026219898,0.42076213616979036,44,5ce66b38d35f7990f5c73f5e4b80abd2631d1fa87b50bd27636c76b6e8406789,45f3c48cba9a09e350d2bff7515c87a4b8a25707e7a6fbd3542b76019c831485
high,51007,onboard,245,198,0.8081632653061225,0.18181818181818177,42.67424242424242,47,37,37553.3981182953,510455.18015348376,209203.67541960877,301251.50473388156,0.40983750102546784,39,5ce66b38d35f7990f5c73f5e4b80abd2631d1fa87b50bd27636c76b6e8406789,45f3c48cba9a09e350d2bff7515c87a4b8a25707e7a6fbd3542b76019c831485
high,51008,assigned,245,194,0.7918367346938775,0.18041237113402064,78.1778350515464,51,38,39849.52692192069,509755.88247755123,209804.08617508758,299951.79630247946,0.4115775675905554,44,5ce66b38d35f7990f5c73f5e4b80abd2631d1fa87b50bd27636c76b6e8406789,a1ffc22e5ba8e6d3b9ce9d94e25e8ed99a0161f4d372c371a3eafb61e278cfbb
high,51008,onboard,245,188,0.7673469387755102,0.20744680851063835,71.05851063829788,57,37,37508.78668677627,511064.16345714306,209278.8532793178,301785.3101778171,0.4094962398921316,48,5ce66b38d35f7990f5c73f5e4b80abd2631d1fa87b50bd27636c76b6e8406789,a1ffc22e5ba8e6d3b9ce9d94e25e8ed99a0161f4d372c371a3eafb61e278cfbb
high,51009,assigned,244,193,0.7909836065573771,0.20207253886010368,80.43264248704664,51,37,40280.55818505393,517062.30443653127,219778.02848335588,297284.2759531869,0.42505134603238776,46,5ce66b38d35f7990f5c73f5e4b80abd2631d1fa87b50bd27636c76b6e8406789,c8f0e649a924723619ed1eae04868803e74f38ea1fbbd9b1eb208c23b0fe4a68
high,51009,onboard,244,192,0.7868852459016393,0.16666666666666663,42.4453125,52,37,37656.30209944758,517574.95973656874,224046.98825302572,293527.97148354654,0.4328783377910311,44,5ce66b38d35f7990f5c73f5e4b80abd2631d1fa87b50bd27636c76b6e8406789,c8f0e649a924723619ed1eae04868803e74f38ea1fbbd9b1eb208c23b0fe4a68
high,51010,assigned,242,195,0.8057851239669421,0.2205128205128205,64.9025641025641,47,37,39179.7695124626,509945.83962141065,219159.6849772703,290786.1546441371,0.42977051276656525,42,5ce66b38d35f7990f5c73f5e4b80abd2631d1fa87b50bd27636c76b6e8406789,797409ac6b373b7147624b2bad8f94e9fff96823c57cb9d495a5ad9e7d4f5b59
high,51010,onboard,242,202,0.8347107438016529,0.20792079207920788,65.83663366336634,40,37,38069.30074227327,521889.83601649624,223505.3486715108,298384.487344987,0.4282615472596521,35,5ce66b38d35f7990f5c73f5e4b80abd2631d1fa87b50bd27636c76b6e8406789,797409ac6b373b7147624b2bad8f94e9fff96823c57cb9d495a5ad9e7d4f5b59
