drone_id,drone_type,base_x,base_y,carrying_capacity
drone_0,light_express,357600.574872369,3462308.772003661,
drone_1,light_express,357600.574872369,3462308.772003661,
drone_2,light_express,357600.574872369,3462308.772003661,
drone_3,light_express,357600.574872369,3462308.772003661,
drone_4,light_express,357600.574872369,3462308.772003661,
drone_5,standard_cargo,357600.574872369,3462308.772003661,
drone_6,standard_cargo,357600.574872369,3462308.772003661,
drone_7,standard_cargo,357600.574872369,3462308.772003661,
drone_8,heavy_cargo,357600.574872369,3462308.772003661,
drone_9,heavy_cargo,357600.574872369,3462308.772003661,