task_id,source_x,source_y,dest_x,dest_y,weight,volume,category,priority,deadline,generation_time
task_1,357600.574872369,3462308.772003661,358744.300499,3462283.547369,1,0,normal,2,550,0
task_2,357600.574872369,3462308.772003661,359190.428233,3462301.042575,2,1,normal,1,600,0
task_3,357600.574872369,3462308.772003661,359190.428233,3462301.042575,1,0,normal,2,580,0
task_4,357600.574872369,3462308.772003661,358744.300499,3462283.547369,6,1,normal,2,660,0
task_5,357600.574872369,3462308.772003661,358744.300499,3462283.547369,2,0,normal,1,570,0
task_6,357600.574872369,3462308.772003661,359190.428233,3462301.042575,8,2,normal,1,750,0
task_7,357600.574872369,3462308.772003661,359190.428233,3462301.042575,2,1,normal,2,600,0
task_8,357600.574872369,3462308.772003661,359190.428233,3462301.042575,10,2,normal,2,790,0
task_9,357600.574872369,3462308.772003661,358744.300499,3462283.547369,1,0,urgent,3,280,0
task_10,357600.574872369,3462308.772003661,358744.300499,3462283.547369,2,0,normal,1,550,0
task_11,357600.574872369,3462308.772003661,359190.428233,3462301.042575,15,3,bulk,2,900,0
task_12,357600.574872369,3462308.772003661,358744.300499,3462283.547369,3,1,normal,2,590,0