fixture,seed,repeat,algorithm,completed_tasks,generated_tasks,completion_rate,timeout_rate,total_energy_wh,total_distance_m,avg_latency_s,evidence_grade
C1,40901,1,贪心调度,106,147,0.721088,0.273585,23410.1,305080,121.16,B
C2,40901,1,贪心调度,74,178,0.41573,0.527027,18428.1,210415,403.047,B
S,40901,1,贪心调度,81,240,0.3375,0.592593,18195.6,212038,554.302,B
C1,40902,2,贪心调度,107,149,0.718121,0.196262,23772.6,308071,71.1636,B
C2,40902,2,贪心调度,75,178,0.421348,0.466667,18552.8,211787,343.447,B
S,40902,2,贪心调度,81,240,0.3375,0.604938,18696.7,211995,567.006,B
C1,40903,3,贪心调度,111,149,0.744966,0.261261,22992.4,308112,110.833,B
C2,40903,3,贪心调度,73,178,0.410112,0.520548,18011.2,210886,308.911,B
S,40903,3,贪心调度,90,240,0.375,0.611111,18617.6,211566,575.9,B
C1,40904,4,贪心调度,113,148,0.763514,0.238938,22711.7,305734,111.305,B
C2,40904,4,贪心调度,81,178,0.455056,0.493827,18315.1,211581,397.401,B
S,40904,4,贪心调度,82,240,0.341667,0.560976,18088.6,212090,592.799,B
C1,40905,5,贪心调度,103,147,0.70068,0.194175,23463.6,298691,76.1165,B
C2,40905,5,贪心调度,83,178,0.466292,0.46988,18407.8,211852,433.5,B
S,40905,5,贪心调度,80,240,0.333333,0.6,18880.5,212120,577.719,B
C1,40906,6,贪心调度,108,148,0.72973,0.203704,22955.6,299896,57.3472,B
C2,40906,6,贪心调度,81,175,0.462857,0.419753,17812.2,210775,291.784,B
S,40906,6,贪心调度,77,240,0.320833,0.623377,18395.3,212097,575.299,B
C1,40907,7,贪心调度,113,147,0.768707,0.230088,22612.8,309340,87.9381,B
C2,40907,7,贪心调度,70,184,0.380435,0.442857,17933.2,211067,325.65,B
S,40907,7,贪心调度,85,240,0.354167,0.576471,18276.6,211771,448.965,B
C1,40908,8,贪心调度,114,148,0.77027,0.27193,23180.9,308909,122.018,B
C2,40908,8,贪心调度,80,177,0.451977,0.4,19004.8,209874,346.762,B
S,40908,8,贪心调度,81,240,0.3375,0.592593,18243.2,211202,531.735,B
C1,40909,9,贪心调度,106,148,0.716216,0.226415,22700.6,306225,85.7925,B
C2,40909,9,贪心调度,73,181,0.403315,0.383562,18630.2,210926,254.068,B
S,40909,9,贪心调度,75,240,0.3125,0.506667,18279.8,210740,585.027,B
C1,40910,10,贪心调度,109,147,0.741497,0.192661,23454.1,306528,109.972,B
C2,40910,10,贪心调度,74,181,0.40884,0.513514,17971.6,211737,393.541,B
S,40910,10,贪心调度,79,240,0.329167,0.56962,18480.1,211299,530.823,B
