source_id,name,publisher,url,source_type,retrieval_date,http_status,response_bytes,sha256,local_file,verified_by,notes
src_flycart30,DJI FlyCart 30 官方规格页,大疆创新（DJI）,https://www.dji.com/cn/flycart-30/specs,vendor_spec_page,2026-10-03,200,135096,,,本轮 curl 直取整页后去标签 grep，三条原文命中,页面为服务端渲染的静态 HTML，可直接取到中文正文
src_piw_docs,DJI 企业应用支持文档（FlyCart 30 / TB60 / BS60）,大疆创新（DJI）,https://fh.dji.com/user-manual/cn/,vendor_support_docs,2026-10-03,未取得,,,,未取得,本轮未直接取证；仅用于说明 BS60 冲突的另一处出处候选
src_m300_specs,DJI Matrice 300 RTK 规格页（BS60 条目）,大疆创新（DJI）,https://enterprise.dji.com/matrice-300/specs,vendor_spec_page,2026-10-03,200,458,,,已测：返回 200 但仅 458 B，为 JS 壳，服务端不含规格文本,无法独立取证 ⇒ BS60 同时充电数量维持 E 级（冲突未决）
src_store_bs60,DJI 官方商城 BS60 商品页,大疆创新（DJI）,https://store.dji.com/cn/product/dji-bs60-battery-station,vendor_store_product_page,2026-10-03,未复核,,,,上一轮据其写入「4+4」说法，本轮未在官方支持页复现,与 src_m300_specs 冲突，处置见 parameters.csv 的 param_bs60_charge
src_sf_ark40,丰翼 方舟40 产品页,顺丰丰翼科技,https://piw-mr-web.inn.sf-express.com/uav/ark-40/,vendor_product_page,2026-10-03,200,124983,192489504d1d934e（前缀，本轮实测）,,本轮 curl + 去标签逐字摘录；电池相关关键词命中数为 0,顺丰自有域，非媒体转载
src_cmu_data_descriptor,CMU 配送无人机飞行能耗数据集（Scientific Data）,Nature Scientific Data (CC-BY 4.0),https://www.nature.com/articles/s41597-021-00930-x,journal_data_descriptor,2026-10-03,200,319236,,,本轮 WebFetch 取正文并逐字摘录；论文本身不含 Wh/km 结论或拟合系数,机型为 DJI Matrice 100，跨机型套用绝对能耗＝冒充，只可用于验证结构关系
src_cmu_kiltub,CMU KiltHub 数据下载入口,Carnegie Mellon University,https://kilthub.cmu.edu/articles/dataset/In-flight_positional_and_energy_use_data_set_for_a_delivery_drone/14909664,repository_doi,2026-10-03,403,,,,已试两次（文章页与 ndownloader 直链）均 403,数据存在性已由论文证实；文件本体未取得 ⇒ 该来源目前只能支撑定性结论
src_openmeteo_archive,Open-Meteo Historical Weather API（ERA5 再分析）,Open-Meteo,https://archive-api.open-meteo.com/v1/archive,api_endpoint,2026-10-03,200,32885,44b2ad0dd0ad6319（前缀，本轮实测）,data/raw/openmeto_yangpu_wind_20260801_0911.csv,本轮重放请求并与仓内 CSV 逐值对账（均值差 <1e-3 m/s）,再分析格点数据，非现场气象站观测；服务端把请求点吸附到最近格点 31.3181/121.537544
src_osm_extract,OpenStreetMap 杨浦区域导出,OpenStreetMap contributors (ODbL),https://www.openstreetmap.org/export#map=14/31.2932/121.5146,crowdsourced_gis,下载事件时间未取得,本轮不可达,11098582,72c3ef9ca19c804387bc2985d3a2dd76a772fc28fc9add8872b003419e78a65b,frontend/data/map/part_of_yangpu.osm,内容侧本轮实测（元素计数、署名块、changeset/uid/timestamp）；溯源侧本轮无法重下,本机 www.openstreetmap.org:443 连接失败(exit 7)、Overpass 406、kumi.systems 超时 ⇒ 溯源维持 E 级
src_meituan_media,美团无人机公开报道口径,媒体报道（非厂商规格页）,https://www.meituan.com/news,media_secondary,2026-10-03,不适用,,,,未取得,无官方规格页可引 ⇒ 轻载机型全部字段为 D/E 级，不得称厂商参数
