Algorithm,Total Steps,Completed Tasks,Generated Tasks,Completion Rate,Generation-to-Assignment Wait,Assignment-to-Loading Wait,Loading-to-Delivery Time,Avg Generation-to-Completion Time,Max Generation-to-Completion Time,Timeout Rate,Average Delay,Priority-1 Average Delay,Priority-2 Average Delay,Priority-3 Average Delay,Total Energy Consumption,Berth Utilization Rate,Nest Turnover Rate,Avg Berth Wait Time,Total Swap Sessions,Drone Utilization,Empty Load Ratio,Total Flight Distance,Chain Insertions,No-Fly Detours,Display Name
greedy,200.0,10.0,16.0,0.625,3.5,74.6,77.2,155.3,193.0,0.0,0.0,0.0,0.0,0.0,2466.971590471057,0.0,0.0,0.0,0.0,0.9525,0.556801529913937,34503.51088782595,0.0,0.0,Greedy
pso,400.0,15.0,22.0,0.6818181818181818,1.7333333333333334,102.2,94.0,197.9333333333333,361.0,0.0,0.0,0.0,0.0,0.0,4269.590317766111,0.0,0.0,0.0,0.0,0.77625,0.506803557683471,55251.29745874224,4.0,4.0,PSO
ga,600.0,23.0,30.0,0.7666666666666667,1.1304347826086956,91.47826086956522,95.78260869565216,188.3913043478261,361.0,0.0434782608695651,0.4565217391304347,0.0,0.0,1.1666666666666667,6163.88427442735,0.0201666666666666,0.2,0.0,2.0,0.7075,0.4981146441421059,73007.16348916755,5.0,7.0,GA
ortools,400.0,15.0,22.0,0.6818181818181818,1.7333333333333334,102.2,94.0,197.9333333333333,361.0,0.0,0.0,0.0,0.0,0.0,4269.590317766111,0.0,0.0,0.0,0.0,0.77625,0.506803557683471,55251.29745874224,4.0,4.0,OR-Tools
iql,937.0,60.0,60.0,1.0,44.41666666666666,60.06666666666667,93.7,198.1833333333333,596.0,0.2666666666666667,27.45,24.625,16.166666666666668,42.5,97632.21007089764,,,,,,,,,,IQL
iql_u,952.0,60.0,60.0,1.0,27.316666666666663,56.63333333333333,97.6,181.55,431.0,0.2333333333333332,19.633333333333333,25.5,17.38888888888889,15.2,90733.8336132502,,,,,,,,,,IQL-U
vdn,944.0,60.0,60.0,1.0,49.41666666666666,45.3,99.01666666666668,193.7333333333333,695.0,0.1833333333333333,23.75,6.777777777777778,42.77777777777778,31.466666666666665,96823.38368842965,,,,,,,,,,VDN
vdn_u,858.0,60.0,60.0,1.0,27.516666666666666,49.516666666666666,90.48333333333332,167.51666666666668,380.0,0.1999999999999999,11.933333333333334,19.39130434782609,7.285714285714286,7.3125,90823.88212298082,,,,,,,,,,VDN-U
qmix,926.0,60.0,60.0,1.0,38.86666666666667,55.85,90.03333333333333,184.75,396.0,0.1666666666666666,13.666666666666666,9.590909090909092,20.27777777777778,12.2,91288.64831206572,,,,,,,,,,QMIX
qmix_u,879.0,60.0,60.0,1.0,39.61666666666667,50.23333333333333,88.06666666666666,177.91666666666666,446.0,0.15,11.55,11.173913043478262,11.88888888888889,11.68421052631579,90107.14051333872,,,,,,,,,,QMIX-U
