Algorithm,Display Name,Completion Rate,Generation-to-Assignment Wait,Avg Generation-to-Completion Time,Max Generation-to-Completion Time,Timeout Rate,Average Delay,Total Energy Consumption
greedy,Greedy,0.3333333333333363,1.0,0.021720389805096548,0.5682539682539682,0.6543778801843321,0.8280284098382217,0.9909406889866804
pso,PSO,0.3333333333333363,0.8493546794555328,0.24323463268365786,0.6888888888888889,1.0,1.0,1.0
ga,GA,0.0,0.8455610780954784,0.15700800915331714,0.9142857142857143,0.928450157652195,0.9774269621179082,0.994037528753325
ortools,OR-Tools,0.0,0.8705350017260515,0.30117276887871813,0.7174603174603175,0.928450157652195,0.9774269621179082,0.9966130363200381
iql,IQL,1.0,0.12271669370195361,0.0,0.3142857142857143,0.0,0.0,0.0
iql_u,IQL-U,1.0,0.5424077861626349,0.5423913043478256,0.8380952380952381,0.1336405529953924,0.2981498531281512,0.08181148191917499
vdn,VDN,1.0,0.0,0.14510869565217466,0.0,0.33410138248847954,0.14112850190714188,0.009592298328641531
vdn_u,VDN-U,1.0,0.5374991184145567,1.0,1.0,0.2672811059907839,0.5918497084484194,0.08074354918588547
qmix,QMIX,1.0,0.2589322237111219,0.4380434782608693,0.9492063492063492,0.4009216589861755,0.5257354553027314,0.07523164201346506
qmix_u,QMIX-U,1.0,0.24052471965582883,0.6608695652173916,0.7904761904761904,0.46774193548387105,0.6064711298171774,0.0892437656640614
