序号,实验,变量,取值,算法,重复,Seed,配置补丁
1,load_grid,fixture×wind,C1×calm,greedy,1,40901,"{""task_generation"": {""realistic"": {""interval_scale"": 0.7, ""total_tasks"": 240}}, ""environment"": {""num_drones"": 6}, ""heterogeneous"": {""fleet_mix"": {""light_express"": 3, ""standard_cargo"": 2, ""heavy_cargo"": 1}}, ""drone"": {""wind_energy"": {""enabled"": true, ""headwind_per_ms"": 0.05, ""tailwind_per_ms"": 0.03}}, ""wind"": {""u_ms"": 0.0, ""v_ms"": 0.0}}"
2,load_grid,fixture×wind,C1×east6,greedy,1,40901,"{""task_generation"": {""realistic"": {""interval_scale"": 0.7, ""total_tasks"": 240}}, ""environment"": {""num_drones"": 6}, ""heterogeneous"": {""fleet_mix"": {""light_express"": 3, ""standard_cargo"": 2, ""heavy_cargo"": 1}}, ""drone"": {""wind_energy"": {""enabled"": true, ""headwind_per_ms"": 0.05, ""tailwind_per_ms"": 0.03}}, ""wind"": {""u_ms"": 6.0, ""v_ms"": 0.0}}"
3,load_grid,fixture×wind,C1×west6,greedy,1,40901,"{""task_generation"": {""realistic"": {""interval_scale"": 0.7, ""total_tasks"": 240}}, ""environment"": {""num_drones"": 6}, ""heterogeneous"": {""fleet_mix"": {""light_express"": 3, ""standard_cargo"": 2, ""heavy_cargo"": 1}}, ""drone"": {""wind_energy"": {""enabled"": true, ""headwind_per_ms"": 0.05, ""tailwind_per_ms"": 0.03}}, ""wind"": {""u_ms"": -6.0, ""v_ms"": 0.0}}"
4,load_grid,fixture×wind,C2×calm,greedy,1,40901,"{""task_generation"": {""realistic"": {""interval_scale"": 0.55, ""total_tasks"": 240}}, ""environment"": {""num_drones"": 4}, ""heterogeneous"": {""fleet_mix"": {""light_express"": 2, ""standard_cargo"": 1, ""heavy_cargo"": 1}}, ""drone"": {""wind_energy"": {""enabled"": true, ""headwind_per_ms"": 0.05, ""tailwind_per_ms"": 0.03}}, ""wind"": {""u_ms"": 0.0, ""v_ms"": 0.0}}"
5,load_grid,fixture×wind,C2×east6,greedy,1,40901,"{""task_generation"": {""realistic"": {""interval_scale"": 0.55, ""total_tasks"": 240}}, ""environment"": {""num_drones"": 4}, ""heterogeneous"": {""fleet_mix"": {""light_express"": 2, ""standard_cargo"": 1, ""heavy_cargo"": 1}}, ""drone"": {""wind_energy"": {""enabled"": true, ""headwind_per_ms"": 0.05, ""tailwind_per_ms"": 0.03}}, ""wind"": {""u_ms"": 6.0, ""v_ms"": 0.0}}"
6,load_grid,fixture×wind,C2×west6,greedy,1,40901,"{""task_generation"": {""realistic"": {""interval_scale"": 0.55, ""total_tasks"": 240}}, ""environment"": {""num_drones"": 4}, ""heterogeneous"": {""fleet_mix"": {""light_express"": 2, ""standard_cargo"": 1, ""heavy_cargo"": 1}}, ""drone"": {""wind_energy"": {""enabled"": true, ""headwind_per_ms"": 0.05, ""tailwind_per_ms"": 0.03}}, ""wind"": {""u_ms"": -6.0, ""v_ms"": 0.0}}"
7,load_grid,fixture×wind,C1×calm,greedy,2,40902,"{""task_generation"": {""realistic"": {""interval_scale"": 0.7, ""total_tasks"": 240}}, ""environment"": {""num_drones"": 6}, ""heterogeneous"": {""fleet_mix"": {""light_express"": 3, ""standard_cargo"": 2, ""heavy_cargo"": 1}}, ""drone"": {""wind_energy"": {""enabled"": true, ""headwind_per_ms"": 0.05, ""tailwind_per_ms"": 0.03}}, ""wind"": {""u_ms"": 0.0, ""v_ms"": 0.0}}"
8,load_grid,fixture×wind,C1×east6,greedy,2,40902,"{""task_generation"": {""realistic"": {""interval_scale"": 0.7, ""total_tasks"": 240}}, ""environment"": {""num_drones"": 6}, ""heterogeneous"": {""fleet_mix"": {""light_express"": 3, ""standard_cargo"": 2, ""heavy_cargo"": 1}}, ""drone"": {""wind_energy"": {""enabled"": true, ""headwind_per_ms"": 0.05, ""tailwind_per_ms"": 0.03}}, ""wind"": {""u_ms"": 6.0, ""v_ms"": 0.0}}"
9,load_grid,fixture×wind,C1×west6,greedy,2,40902,"{""task_generation"": {""realistic"": {""interval_scale"": 0.7, ""total_tasks"": 240}}, ""environment"": {""num_drones"": 6}, ""heterogeneous"": {""fleet_mix"": {""light_express"": 3, ""standard_cargo"": 2, ""heavy_cargo"": 1}}, ""drone"": {""wind_energy"": {""enabled"": true, ""headwind_per_ms"": 0.05, ""tailwind_per_ms"": 0.03}}, ""wind"": {""u_ms"": -6.0, ""v_ms"": 0.0}}"
10,load_grid,fixture×wind,C2×calm,greedy,2,40902,"{""task_generation"": {""realistic"": {""interval_scale"": 0.55, ""total_tasks"": 240}}, ""environment"": {""num_drones"": 4}, ""heterogeneous"": {""fleet_mix"": {""light_express"": 2, ""standard_cargo"": 1, ""heavy_cargo"": 1}}, ""drone"": {""wind_energy"": {""enabled"": true, ""headwind_per_ms"": 0.05, ""tailwind_per_ms"": 0.03}}, ""wind"": {""u_ms"": 0.0, ""v_ms"": 0.0}}"
11,load_grid,fixture×wind,C2×east6,greedy,2,40902,"{""task_generation"": {""realistic"": {""interval_scale"": 0.55, ""total_tasks"": 240}}, ""environment"": {""num_drones"": 4}, ""heterogeneous"": {""fleet_mix"": {""light_express"": 2, ""standard_cargo"": 1, ""heavy_cargo"": 1}}, ""drone"": {""wind_energy"": {""enabled"": true, ""headwind_per_ms"": 0.05, ""tailwind_per_ms"": 0.03}}, ""wind"": {""u_ms"": 6.0, ""v_ms"": 0.0}}"
12,load_grid,fixture×wind,C2×west6,greedy,2,40902,"{""task_generation"": {""realistic"": {""interval_scale"": 0.55, ""total_tasks"": 240}}, ""environment"": {""num_drones"": 4}, ""heterogeneous"": {""fleet_mix"": {""light_express"": 2, ""standard_cargo"": 1, ""heavy_cargo"": 1}}, ""drone"": {""wind_energy"": {""enabled"": true, ""headwind_per_ms"": 0.05, ""tailwind_per_ms"": 0.03}}, ""wind"": {""u_ms"": -6.0, ""v_ms"": 0.0}}"
13,load_grid,fixture×wind,C1×calm,greedy,3,40903,"{""task_generation"": {""realistic"": {""interval_scale"": 0.7, ""total_tasks"": 240}}, ""environment"": {""num_drones"": 6}, ""heterogeneous"": {""fleet_mix"": {""light_express"": 3, ""standard_cargo"": 2, ""heavy_cargo"": 1}}, ""drone"": {""wind_energy"": {""enabled"": true, ""headwind_per_ms"": 0.05, ""tailwind_per_ms"": 0.03}}, ""wind"": {""u_ms"": 0.0, ""v_ms"": 0.0}}"
14,load_grid,fixture×wind,C1×east6,greedy,3,40903,"{""task_generation"": {""realistic"": {""interval_scale"": 0.7, ""total_tasks"": 240}}, ""environment"": {""num_drones"": 6}, ""heterogeneous"": {""fleet_mix"": {""light_express"": 3, ""standard_cargo"": 2, ""heavy_cargo"": 1}}, ""drone"": {""wind_energy"": {""enabled"": true, ""headwind_per_ms"": 0.05, ""tailwind_per_ms"": 0.03}}, ""wind"": {""u_ms"": 6.0, ""v_ms"": 0.0}}"
15,load_grid,fixture×wind,C1×west6,greedy,3,40903,"{""task_generation"": {""realistic"": {""interval_scale"": 0.7, ""total_tasks"": 240}}, ""environment"": {""num_drones"": 6}, ""heterogeneous"": {""fleet_mix"": {""light_express"": 3, ""standard_cargo"": 2, ""heavy_cargo"": 1}}, ""drone"": {""wind_energy"": {""enabled"": true, ""headwind_per_ms"": 0.05, ""tailwind_per_ms"": 0.03}}, ""wind"": {""u_ms"": -6.0, ""v_ms"": 0.0}}"
16,load_grid,fixture×wind,C2×calm,greedy,3,40903,"{""task_generation"": {""realistic"": {""interval_scale"": 0.55, ""total_tasks"": 240}}, ""environment"": {""num_drones"": 4}, ""heterogeneous"": {""fleet_mix"": {""light_express"": 2, ""standard_cargo"": 1, ""heavy_cargo"": 1}}, ""drone"": {""wind_energy"": {""enabled"": true, ""headwind_per_ms"": 0.05, ""tailwind_per_ms"": 0.03}}, ""wind"": {""u_ms"": 0.0, ""v_ms"": 0.0}}"
17,load_grid,fixture×wind,C2×east6,greedy,3,40903,"{""task_generation"": {""realistic"": {""interval_scale"": 0.55, ""total_tasks"": 240}}, ""environment"": {""num_drones"": 4}, ""heterogeneous"": {""fleet_mix"": {""light_express"": 2, ""standard_cargo"": 1, ""heavy_cargo"": 1}}, ""drone"": {""wind_energy"": {""enabled"": true, ""headwind_per_ms"": 0.05, ""tailwind_per_ms"": 0.03}}, ""wind"": {""u_ms"": 6.0, ""v_ms"": 0.0}}"
18,load_grid,fixture×wind,C2×west6,greedy,3,40903,"{""task_generation"": {""realistic"": {""interval_scale"": 0.55, ""total_tasks"": 240}}, ""environment"": {""num_drones"": 4}, ""heterogeneous"": {""fleet_mix"": {""light_express"": 2, ""standard_cargo"": 1, ""heavy_cargo"": 1}}, ""drone"": {""wind_energy"": {""enabled"": true, ""headwind_per_ms"": 0.05, ""tailwind_per_ms"": 0.03}}, ""wind"": {""u_ms"": -6.0, ""v_ms"": 0.0}}"
