time_local,wind_speed_ms,wind_direction_deg,temperature_c
2026-08-01T00:00,1.5,159,29.6
2026-08-01T01:00,1.083,146,29.2
2026-08-01T02:00,1.444,124,29.4
2026-08-01T03:00,1.083,133,28.7
2026-08-01T04:00,1.083,152,28.4
2026-08-01T05:00,0.972,156,28.0
2026-08-01T06:00,1.278,159,28.5
2026-08-01T07:00,1.056,180,30.2
2026-08-01T08:00,0.639,184,33.1
2026-08-01T09:00,0.278,338,34.8
2026-08-01T10:00,1.222,7,36.0
2026-08-01T11:00,2.167,9,36.8
2026-08-01T12:00,2.611,5,37.0
2026-08-01T13:00,2.778,14,37.0
2026-08-01T14:00,1.333,119,35.7
2026-08-01T15:00,0.833,73,36.1
2026-08-01T16:00,1.667,85,35.0
2026-08-01T17:00,2.194,94,34.9
2026-08-01T18:00,2.306,94,34.2
2026-08-01T19:00,3.222,111,32.8
2026-08-01T20:00,3.0,123,31.8
2026-08-01T21:00,2.556,138,31.0
2026-08-01T22:00,2.083,163,30.5
2026-08-01T23:00,1.583,169,30.1
2026-08-02T00:00,1.361,172,29.8
2026-08-02T01:00,0.806,173,29.4
2026-08-02T02:00,0.722,124,29.5
2026-08-02T03:00,0.5,180,28.6
2026-08-02T04:00,0.417,194,28.2
2026-08-02T05:00,0.583,218,28.0
2026-08-02T06:00,1.0,225,28.3
2026-08-02T07:00,1.028,231,30.0
2026-08-02T08:00,0.583,232,32.8
2026-08-02T09:00,0.306,18,34.2
2026-08-02T10:00,1.361,39,35.3
2026-08-02T11:00,2.25,37,36.0
2026-08-02T12:00,2.389,26,36.7
2026-08-02T13:00,2.861,40,36.7
2026-08-02T14:00,2.028,20,36.3
2026-08-02T15:00,1.667,33,35.8
2026-08-02T16:00,2.361,66,34.3
2026-08-02T17:00,1.861,87,33.5
2026-08-02T18:00,1.444,124,33.4
2026-08-02T19:00,1.167,130,32.3
2026-08-02T20:00,2.417,111,31.8
2026-08-02T21:00,2.111,115,30.8
2026-08-02T22:00,1.833,119,30.2
2026-08-02T23:00,1.5,124,29.7
2026-08-03T00:00,1.083,137,29.3
2026-08-03T01:00,1.194,135,28.9
2026-08-03T02:00,1.25,106,29.1
2026-08-03T03:00,0.972,105,28.6
2026-08-03T04:00,1.111,120,28.4
2026-08-03T05:00,0.972,118,28.1
2026-08-03T06:00,1.306,108,28.5
2026-08-03T07:00,1.556,88,29.7
2026-08-03T08:00,1.111,93,31.5
2026-08-03T09:00,1.417,67,32.8
2026-08-03T10:00,2.167,58,33.8
2026-08-03T11:00,2.333,56,34.4
2026-08-03T12:00,2.472,56,35.0
2026-08-03T13:00,2.778,72,35.3
2026-08-03T14:00,2.861,77,35.5
2026-08-03T15:00,3.056,76,34.9
2026-08-03T16:00,3.167,83,34.1
2026-08-03T17:00,3.139,91,33.0
2026-08-03T18:00,3.139,97,31.6
2026-08-03T19:00,3.083,102,30.1
2026-08-03T20:00,3.0,108,29.5
2026-08-03T21:00,2.917,117,28.9
2026-08-03T22:00,2.778,123,28.4
2026-08-03T23:00,2.778,128,28.1
2026-08-04T00:00,2.333,132,27.7
2026-08-04T01:00,2.389,129,27.3
2026-08-04T02:00,2.278,131,27.5
2026-08-04T03:00,1.639,135,26.8
2026-08-04T04:00,1.306,140,26.4
2026-08-04T05:00,1.306,140,26.0
2026-08-04T06:00,1.222,150,26.4
2026-08-04T07:00,1.583,125,28.1
2026-08-04T08:00,2.25,95,30.1
2026-08-04T09:00,2.889,88,31.6
2026-08-04T10:00,3.167,86,32.5
2026-08-04T11:00,3.944,87,34.4
2026-08-04T12:00,4.028,85,34.5
2026-08-04T13:00,3.694,82,34.5
2026-08-04T14:00,3.722,83,34.8
2026-08-04T15:00,4.0,88,34.4
2026-08-04T16:00,4.583,96,33.6
2026-08-04T17:00,4.556,94,31.7
2026-08-04T18:00,3.694,81,30.8
2026-08-04T19:00,3.75,91,29.9
2026-08-04T20:00,3.028,83,30.1
2026-08-04T21:00,2.972,85,29.8
2026-08-04T22:00,2.861,84,29.5
2026-08-04T23:00,2.667,82,29.3
2026-08-05T00:00,2.806,84,29.0
2026-08-05T01:00,2.694,92,28.8
2026-08-05T02:00,2.694,90,29.1
2026-08-05T03:00,2.806,86,28.7
2026-08-05T04:00,2.889,89,28.4
2026-08-05T05:00,2.806,90,28.2
2026-08-05T06:00,2.889,92,28.6
2026-08-05T07:00,2.889,91,29.4
2026-08-05T08:00,3.417,87,30.7
2026-08-05T09:00,3.167,94,30.7
2026-08-05T10:00,2.694,91,32.0
2026-08-05T11:00,3.917,87,32.0
2026-08-05T12:00,2.639,89,31.9
2026-08-05T13:00,2.778,81,33.2
2026-08-05T14:00,2.528,81,33.7
2026-08-05T15:00,2.694,80,33.9
2026-08-05T16:00,3.028,81,33.6
2026-08-05T17:00,3.389,74,33.0
2026-08-05T18:00,3.333,72,31.8
2026-08-05T19:00,3.194,68,30.9
2026-08-05T20:00,3.694,67,30.6
2026-08-05T21:00,3.417,68,30.4
2026-08-05T22:00,3.306,65,30.1
2026-08-05T23:00,3.139,56,29.7
2026-08-06T00:00,2.889,46,29.4
2026-08-06T01:00,2.861,40,29.2
2026-08-06T02:00,3.278,36,29.4
2026-08-06T03:00,2.833,36,29.2
2026-08-06T04:00,3.111,41,29.2
2026-08-06T05:00,2.889,37,29.2
2026-08-06T06:00,3.0,33,29.3
2026-08-06T07:00,3.583,39,30.0
2026-08-06T08:00,3.5,38,31.0
2026-08-06T09:00,3.556,35,31.6
2026-08-06T10:00,3.667,34,32.3
2026-08-06T11:00,3.944,38,32.9
2026-08-06T12:00,4.25,40,32.7
2026-08-06T13:00,4.278,37,33.0
2026-08-06T14:00,4.167,37,33.3
2026-08-06T15:00,4.694,44,33.0
2026-08-06T16:00,4.361,43,32.5
2026-08-06T17:00,4.444,41,32.5
2026-08-06T18:00,5.028,53,30.7
2026-08-06T19:00,4.0,52,30.0
2026-08-06T20:00,3.528,47,30.0
2026-08-06T21:00,3.444,54,29.8
2026-08-06T22:00,3.417,58,29.7
2026-08-06T23:00,3.278,56,29.5
2026-08-07T00:00,3.139,57,29.0
2026-08-07T01:00,2.722,52,28.9
2026-08-07T02:00,2.944,43,28.9
2026-08-07T03:00,3.139,34,28.8
2026-08-07T04:00,3.417,29,28.7
2026-08-07T05:00,3.528,30,28.4
2026-08-07T06:00,3.722,27,28.6
2026-08-07T07:00,4.472,32,29.5
2026-08-07T08:00,4.611,31,30.4
2026-08-07T09:00,5.083,35,31.2
2026-08-07T10:00,5.056,34,32.1
2026-08-07T11:00,5.278,29,33.0
2026-08-07T12:00,6.194,30,33.2
2026-08-07T13:00,6.083,31,33.4
2026-08-07T14:00,5.972,36,33.0
2026-08-07T15:00,5.75,36,32.6
2026-08-07T16:00,6.222,32,32.1
2026-08-07T17:00,6.528,33,31.2
2026-08-07T18:00,6.389,32,30.4
2026-08-07T19:00,6.528,32,29.9
2026-08-07T20:00,6.639,36,30.0
2026-08-07T21:00,6.417,38,29.7
2026-08-07T22:00,6.083,39,29.6
2026-08-07T23:00,5.167,30,29.4
2026-08-08T00:00,4.944,28,29.1
2026-08-08T01:00,5.222,27,29.4
2026-08-08T02:00,5.75,31,29.7
2026-08-08T03:00,5.722,20,29.4
2026-08-08T04:00,5.278,20,29.1
2026-08-08T05:00,5.25,27,29.1
2026-08-08T06:00,5.528,18,29.1
2026-08-08T07:00,5.722,16,29.7
2026-08-08T08:00,6.333,34,31.2
2026-08-08T09:00,5.778,38,30.2
2026-08-08T10:00,6.694,31,31.4
2026-08-08T11:00,7.083,36,32.4
2026-08-08T12:00,7.694,38,32.7
2026-08-08T13:00,7.667,40,31.6
2026-08-08T14:00,6.889,33,30.2
2026-08-08T15:00,7.083,33,30.3
2026-08-08T16:00,7.167,30,30.1
2026-08-08T17:00,7.056,33,30.6
2026-08-08T18:00,7.333,35,29.8
2026-08-08T19:00,7.167,32,29.7
2026-08-08T20:00,6.056,33,29.2
2026-08-08T21:00,6.472,39,26.9
2026-08-08T22:00,8.333,36,27.8
2026-08-08T23:00,7.25,33,27.8
2026-08-09T00:00,8.444,36,27.2
2026-08-09T01:00,8.444,38,27.3
2026-08-09T02:00,8.694,38,27.0
2026-08-09T03:00,9.25,45,27.4
2026-08-09T04:00,8.861,48,27.4
2026-08-09T05:00,8.778,42,26.9
2026-08-09T06:00,10.0,49,26.4
2026-08-09T07:00,9.444,46,27.0
2026-08-09T08:00,10.083,49,26.9
2026-08-09T09:00,10.028,54,26.6
2026-08-09T10:00,10.611,63,26.6
2026-08-09T11:00,10.111,58,26.7
2026-08-09T12:00,10.278,57,26.8
2026-08-09T13:00,10.278,55,26.9
2026-08-09T14:00,9.972,53,26.3
2026-08-09T15:00,10.194,45,26.1
2026-08-09T16:00,9.639,49,26.5
2026-08-09T17:00,9.333,50,26.4
2026-08-09T18:00,10.556,55,26.7
2026-08-09T19:00,10.528,72,26.5
2026-08-09T20:00,9.75,71,26.8
2026-08-09T21:00,9.139,71,26.7
2026-08-09T22:00,9.167,79,26.6
2026-08-09T23:00,9.806,84,26.6
2026-08-10T00:00,8.861,89,26.5
2026-08-10T01:00,8.694,85,26.6
2026-08-10T02:00,9.861,92,27.0
2026-08-10T03:00,10.5,89,27.1
2026-08-10T04:00,10.361,93,26.6
2026-08-10T05:00,9.083,96,26.0
2026-08-10T06:00,11.472,87,26.9
2026-08-10T07:00,11.222,102,26.6
2026-08-10T08:00,12.639,99,26.9
2026-08-10T09:00,11.5,101,26.5
2026-08-10T10:00,10.722,105,26.6
2026-08-10T11:00,11.083,113,26.5
2026-08-10T12:00,10.444,113,26.5
2026-08-10T13:00,9.833,115,26.7
2026-08-10T14:00,9.222,112,26.8
2026-08-10T15:00,9.611,114,27.2
2026-08-10T16:00,9.278,111,27.0
2026-08-10T17:00,8.528,114,27.1
2026-08-10T18:00,8.611,110,27.3
2026-08-10T19:00,7.972,108,27.7
2026-08-10T20:00,7.167,107,27.3
2026-08-10T21:00,7.361,107,27.9
2026-08-10T22:00,7.417,111,27.6
2026-08-10T23:00,7.611,113,27.2
2026-08-11T00:00,7.667,115,26.8
2026-08-11T01:00,7.861,116,26.6
2026-08-11T02:00,7.167,118,26.7
2026-08-11T03:00,6.944,116,26.5
2026-08-11T04:00,7.0,113,26.5
2026-08-11T05:00,7.056,113,27.0
2026-08-11T06:00,6.972,111,27.5
2026-08-11T07:00,7.111,110,27.4
2026-08-11T08:00,7.278,116,27.6
2026-08-11T09:00,7.056,118,26.9
2026-08-11T10:00,6.556,121,26.6
2026-08-11T11:00,6.306,118,27.0
2026-08-11T12:00,6.167,117,27.1
2026-08-11T13:00,6.0,115,27.1
2026-08-11T14:00,5.778,117,28.0
2026-08-11T15:00,5.528,110,27.4
2026-08-11T16:00,5.556,107,27.2
2026-08-11T17:00,5.833,106,27.2
2026-08-11T18:00,6.083,106,26.9
2026-08-11T19:00,5.611,103,26.2
2026-08-11T20:00,6.167,105,27.1
2026-08-11T21:00,6.139,102,27.2
2026-08-11T22:00,5.889,107,26.8
2026-08-11T23:00,5.417,108,26.6
2026-08-12T00:00,5.75,109,26.9
2026-08-12T01:00,5.306,106,26.8
2026-08-12T02:00,5.722,104,27.0
2026-08-12T03:00,5.667,101,26.8
2026-08-12T04:00,5.167,105,26.2
2026-08-12T05:00,5.306,104,26.3
2026-08-12T06:00,4.75,97,26.5
2026-08-12T07:00,5.528,96,26.4
2026-08-12T08:00,6.806,98,26.0
2026-08-12T09:00,6.861,98,26.3
2026-08-12T10:00,7.083,99,26.4
2026-08-12T11:00,6.167,101,27.1
2026-08-12T12:00,6.111,101,27.4
2026-08-12T13:00,6.333,101,27.3
2026-08-12T14:00,5.722,102,26.7
2026-08-12T15:00,5.472,102,26.9
2026-08-12T16:00,5.556,101,27.2
2026-08-12T17:00,4.972,99,27.3
2026-08-12T18:00,4.0,108,27.1
2026-08-12T19:00,4.056,116,26.6
2026-08-12T20:00,4.444,97,26.5
2026-08-12T21:00,4.278,97,26.2
2026-08-12T22:00,3.806,93,26.1
2026-08-12T23:00,3.5,94,26.2
2026-08-13T00:00,2.889,107,26.4
2026-08-13T01:00,2.833,118,26.4
2026-08-13T02:00,3.0,120,26.1
2026-08-13T03:00,3.167,123,26.0
2026-08-13T04:00,3.028,123,26.0
2026-08-13T05:00,3.139,121,25.8
2026-08-13T06:00,2.917,110,25.9
2026-08-13T07:00,3.306,115,26.6
2026-08-13T08:00,4.333,105,27.5
2026-08-13T09:00,4.472,101,27.8
2026-08-13T10:00,4.528,98,27.5
2026-08-13T11:00,4.778,95,28.0
2026-08-13T12:00,4.833,96,28.2
2026-08-13T13:00,5.111,92,28.1
2026-08-13T14:00,4.472,100,28.5
2026-08-13T15:00,4.944,99,28.2
2026-08-13T16:00,4.778,101,27.9
2026-08-13T17:00,4.361,94,27.4
2026-08-13T18:00,4.472,96,26.8
2026-08-13T19:00,3.611,96,26.3
2026-08-13T20:00,4.167,85,26.7
2026-08-13T21:00,4.0,90,26.7
2026-08-13T22:00,3.806,92,26.7
2026-08-13T23:00,3.667,95,26.5
2026-08-14T00:00,3.306,93,26.4
2026-08-14T01:00,3.25,92,26.2
2026-08-14T02:00,3.083,102,26.5
2026-08-14T03:00,2.861,95,26.3
2026-08-14T04:00,2.889,98,26.2
2026-08-14T05:00,2.889,99,26.1
2026-08-14T06:00,2.75,102,26.2
2026-08-14T07:00,3.167,106,26.7
2026-08-14T08:00,3.75,106,27.1
2026-08-14T09:00,3.361,100,27.8
2026-08-14T10:00,3.583,99,28.5
2026-08-14T11:00,3.861,95,27.6
2026-08-14T12:00,4.139,99,28.7
2026-08-14T13:00,4.167,93,28.5
2026-08-14T14:00,3.667,107,27.4
2026-08-14T15:00,4.611,103,26.2
2026-08-14T16:00,4.083,98,26.7
2026-08-14T17:00,3.722,95,26.5
2026-08-14T18:00,3.556,96,26.4
2026-08-14T19:00,3.389,99,26.2
2026-08-14T20:00,3.972,119,26.4
2026-08-14T21:00,4.056,116,25.4
2026-08-14T22:00,3.389,135,25.2
2026-08-14T23:00,2.944,141,25.1
2026-08-15T00:00,3.667,127,25.3
2026-08-15T01:00,3.861,129,25.3
2026-08-15T02:00,2.972,113,25.4
2026-08-15T03:00,2.333,121,25.4
2026-08-15T04:00,1.861,146,25.4
2026-08-15T05:00,1.75,160,25.4
2026-08-15T06:00,1.333,195,25.3
2026-08-15T07:00,1.056,251,26.2
2026-08-15T08:00,2.083,117,26.5
2026-08-15T09:00,1.361,114,27.0
2026-08-15T10:00,0.722,129,28.7
2026-08-15T11:00,0.528,34,29.9
2026-08-15T12:00,2.556,23,27.4
2026-08-15T13:00,1.444,106,26.8
2026-08-15T14:00,1.472,108,27.1
2026-08-15T15:00,0.722,129,28.9
2026-08-15T16:00,0.778,72,28.3
2026-08-15T17:00,0.778,55,27.1
2026-08-15T18:00,0.556,117,26.8
2026-08-15T19:00,1.139,135,26.6
2026-08-15T20:00,0.917,36,26.5
2026-08-15T21:00,1.139,135,25.5
2026-08-15T22:00,1.611,171,25.4
2026-08-15T23:00,1.417,207,25.4
2026-08-16T00:00,1.417,266,25.4
2026-08-16T01:00,1.806,326,25.5
2026-08-16T02:00,3.528,353,25.9
2026-08-16T03:00,3.0,4,25.8
2026-08-16T04:00,1.694,346,25.8
2026-08-16T05:00,2.361,336,25.5
2026-08-16T06:00,2.833,328,25.5
2026-08-16T07:00,2.611,342,26.3
2026-08-16T08:00,2.806,349,27.3
2026-08-16T09:00,2.833,350,27.7
2026-08-16T10:00,2.972,346,28.3
2026-08-16T11:00,2.444,360,28.3
2026-08-16T12:00,3.167,19,28.5
2026-08-16T13:00,3.028,31,29.5
2026-08-16T14:00,3.167,29,28.2
2026-08-16T15:00,3.472,36,28.6
2026-08-16T16:00,3.361,42,28.8
2026-08-16T17:00,2.861,40,28.3
2026-08-16T18:00,2.417,42,27.8
2026-08-16T19:00,2.444,55,27.1
2026-08-16T20:00,1.472,55,27.0
2026-08-16T21:00,1.0,49,26.4
2026-08-16T22:00,1.0,41,26.2
2026-08-16T23:00,0.806,47,25.9
2026-08-17T00:00,0.75,53,25.6
2026-08-17T01:00,0.639,18,25.4
2026-08-17T02:00,1.222,353,25.6
2026-08-17T03:00,1.278,351,25.3
2026-08-17T04:00,1.333,347,25.3
2026-08-17T05:00,1.389,339,25.2
2026-08-17T06:00,1.556,339,25.4
2026-08-17T07:00,1.861,357,26.4
2026-08-17T08:00,1.306,356,27.8
2026-08-17T09:00,1.556,7,28.6
2026-08-17T10:00,1.639,12,29.1
2026-08-17T11:00,1.556,21,29.8
2026-08-17T12:00,1.806,32,30.1
2026-08-17T13:00,1.806,28,30.4
2026-08-17T14:00,2.111,36,30.9
2026-08-17T15:00,2.417,45,30.8
2026-08-17T16:00,2.722,59,29.9
2026-08-17T17:00,2.778,70,29.0
2026-08-17T18:00,2.917,86,28.2
2026-08-17T19:00,2.667,98,27.2
2026-08-17T20:00,2.861,88,27.4
2026-08-17T21:00,2.556,92,26.9
2026-08-17T22:00,2.306,96,26.6
2026-08-17T23:00,1.861,104,26.3
2026-08-18T00:00,1.861,114,26.1
2026-08-18T01:00,1.167,121,25.8
2026-08-18T02:00,1.056,107,26.2
2026-08-18T03:00,0.806,120,25.7
2026-08-18T04:00,0.833,128,25.4
2026-08-18T05:00,0.833,128,25.3
2026-08-18T06:00,1.25,127,25.6
2026-08-18T07:00,1.167,110,27.0
2026-08-18T08:00,1.861,96,28.5
2026-08-18T09:00,2.111,98,29.3
2026-08-18T10:00,2.167,97,30.1
2026-08-18T11:00,2.417,86,30.1
2026-08-18T12:00,2.611,93,30.0
2026-08-18T13:00,2.611,92,29.9
2026-08-18T14:00,1.917,95,29.4
2026-08-18T15:00,2.222,104,30.0
2026-08-18T16:00,2.556,110,29.8
2026-08-18T17:00,2.917,106,29.4
2026-08-18T18:00,3.083,113,28.3
2026-08-18T19:00,2.806,114,27.5
2026-08-18T20:00,2.972,117,28.0
2026-08-18T21:00,2.806,117,27.6
2026-08-18T22:00,2.583,122,27.4
2026-08-18T23:00,2.639,127,27.1
2026-08-19T00:00,2.722,131,26.9
2026-08-19T01:00,2.5,136,26.6
2026-08-19T02:00,2.444,139,26.8
2026-08-19T03:00,2.167,132,26.4
2026-08-19T04:00,2.417,132,26.3
2026-08-19T05:00,2.472,133,26.2
2026-08-19T06:00,2.222,130,26.4
2026-08-19T07:00,2.611,133,27.5
2026-08-19T08:00,3.222,133,28.8
2026-08-19T09:00,2.889,126,29.5
2026-08-19T10:00,2.778,111,30.4
2026-08-19T11:00,2.861,97,30.8
2026-08-19T12:00,3.25,95,31.0
2026-08-19T13:00,3.639,98,31.0
2026-08-19T14:00,3.694,92,30.8
2026-08-19T15:00,3.75,93,30.1
2026-08-19T16:00,4.167,100,29.6
2026-08-19T17:00,4.139,105,28.8
2026-08-19T18:00,3.556,109,28.1
2026-08-19T19:00,2.944,100,27.3
2026-08-19T20:00,3.25,99,27.7
2026-08-19T21:00,3.278,102,27.6
2026-08-19T22:00,3.583,103,27.5
2026-08-19T23:00,3.556,106,27.1
2026-08-20T00:00,3.528,105,27.1
2026-08-20T01:00,3.528,106,27.1
2026-08-20T02:00,3.278,96,27.2
2026-08-20T03:00,3.222,98,27.2
2026-08-20T04:00,3.194,93,27.0
2026-08-20T05:00,3.111,89,26.9
2026-08-20T06:00,3.444,90,27.1
2026-08-20T07:00,3.389,90,27.6
2026-08-20T08:00,3.806,94,28.7
2026-08-20T09:00,4.194,92,29.3
2026-08-20T10:00,4.556,91,29.9
2026-08-20T11:00,4.889,91,29.9
2026-08-20T12:00,5.0,97,30.7
2026-08-20T13:00,5.194,93,30.4
2026-08-20T14:00,5.111,88,30.1
2026-08-20T15:00,5.278,95,29.5
2026-08-20T16:00,4.417,102,27.9
2026-08-20T17:00,3.361,90,27.7
2026-08-20T18:00,4.417,102,27.7
2026-08-20T19:00,3.222,96,27.2
2026-08-20T20:00,3.417,111,27.6
2026-08-20T21:00,2.639,115,27.6
2026-08-20T22:00,3.167,125,27.5
2026-08-20T23:00,3.361,118,27.3
2026-08-21T00:00,3.583,127,27.2
2026-08-21T01:00,3.278,121,26.9
2026-08-21T02:00,3.167,116,27.1
2026-08-21T03:00,3.25,119,27.1
2026-08-21T04:00,3.167,119,27.0
2026-08-21T05:00,2.694,117,27.0
2026-08-21T06:00,2.444,110,27.1
2026-08-21T07:00,3.028,114,27.9
2026-08-21T08:00,3.417,122,29.2
2026-08-21T09:00,3.611,119,29.8
2026-08-21T10:00,3.5,117,30.7
2026-08-21T11:00,3.639,102,31.2
2026-08-21T12:00,4.111,92,31.0
2026-08-21T13:00,4.556,89,30.6
2026-08-21T14:00,4.694,92,30.4
2026-08-21T15:00,4.889,96,30.0
2026-08-21T16:00,4.667,95,29.8
2026-08-21T17:00,4.861,89,29.2
2026-08-21T18:00,4.472,86,28.5
2026-08-21T19:00,5.25,87,28.0
2026-08-21T20:00,5.361,82,28.0
2026-08-21T21:00,4.889,84,27.8
2026-08-21T22:00,5.25,98,27.8
2026-08-21T23:00,5.417,113,27.8
2026-08-22T00:00,4.583,118,27.5
2026-08-22T01:00,4.361,126,27.5
2026-08-22T02:00,3.806,122,27.4
2026-08-22T03:00,3.528,123,27.4
2026-08-22T04:00,2.889,116,27.4
2026-08-22T05:00,3.167,113,27.3
2026-08-22T06:00,3.861,103,26.9
2026-08-22T07:00,3.778,105,27.2
2026-08-22T08:00,4.694,113,29.1
2026-08-22T09:00,4.833,116,28.9
2026-08-22T10:00,5.0,115,29.8
2026-08-22T11:00,5.0,116,30.2
2026-08-22T12:00,4.861,117,30.2
2026-08-22T13:00,4.278,114,30.5
2026-08-22T14:00,4.417,110,30.6
2026-08-22T15:00,4.75,109,30.0
2026-08-22T16:00,4.861,110,29.9
2026-08-22T17:00,4.611,117,29.5
2026-08-22T18:00,4.722,129,28.4
2026-08-22T19:00,4.556,128,28.1
2026-08-22T20:00,5.278,127,27.9
2026-08-22T21:00,4.833,125,27.7
2026-08-22T22:00,4.917,121,27.6
2026-08-22T23:00,4.806,119,27.5
2026-08-23T00:00,5.056,118,27.7
2026-08-23T01:00,5.278,121,27.6
2026-08-23T02:00,5.417,123,27.5
2026-08-23T03:00,5.056,128,27.4
2026-08-23T04:00,5.111,131,27.5
2026-08-23T05:00,5.444,137,27.4
2026-08-23T06:00,5.222,142,27.3
2026-08-23T07:00,4.111,136,27.9
2026-08-23T08:00,5.194,136,29.2
2026-08-23T09:00,5.361,136,29.8
2026-08-23T10:00,5.806,132,30.1
2026-08-23T11:00,6.0,131,30.5
2026-08-23T12:00,6.222,129,30.6
2026-08-23T13:00,6.111,130,30.7
2026-08-23T14:00,6.583,127,30.3
2026-08-23T15:00,6.611,129,29.7
2026-08-23T16:00,6.194,129,29.6
2026-08-23T17:00,6.056,126,29.1
2026-08-23T18:00,5.139,122,28.2
2026-08-23T19:00,5.222,124,27.7
2026-08-23T20:00,5.028,124,27.9
2026-08-23T21:00,4.889,132,27.9
2026-08-23T22:00,4.944,132,27.6
2026-08-23T23:00,5.083,134,27.3
2026-08-24T00:00,4.778,135,27.2
2026-08-24T01:00,4.556,138,27.2
2026-08-24T02:00,4.5,137,27.2
2026-08-24T03:00,4.361,138,27.0
2026-08-24T04:00,3.917,136,26.8
2026-08-24T05:00,3.833,129,26.8
2026-08-24T06:00,3.944,128,27.0
2026-08-24T07:00,3.75,128,27.9
2026-08-24T08:00,4.694,124,29.2
2026-08-24T09:00,4.917,128,29.9
2026-08-24T10:00,4.972,127,30.7
2026-08-24T11:00,5.194,128,31.1
2026-08-24T12:00,5.25,129,31.5
2026-08-24T13:00,5.083,129,31.6
2026-08-24T14:00,4.889,126,31.6
2026-08-24T15:00,4.833,124,30.9
2026-08-24T16:00,4.667,122,30.2
2026-08-24T17:00,4.417,121,29.4
2026-08-24T18:00,4.25,122,28.5
2026-08-24T19:00,3.75,119,27.7
2026-08-24T20:00,3.944,117,28.0
2026-08-24T21:00,3.861,117,27.7
2026-08-24T22:00,3.778,118,27.4
2026-08-24T23:00,3.75,120,27.2
2026-08-25T00:00,3.5,119,27.1
2026-08-25T01:00,3.361,117,26.9
2026-08-25T02:00,3.111,116,27.0
2026-08-25T03:00,2.778,111,26.6
2026-08-25T04:00,2.889,111,26.4
2026-08-25T05:00,3.0,111,26.4
2026-08-25T06:00,3.5,114,26.6
2026-08-25T07:00,3.889,113,27.5
2026-08-25T08:00,3.944,103,28.7
2026-08-25T09:00,4.389,101,29.3
2026-08-25T10:00,4.444,102,29.9
2026-08-25T11:00,4.444,101,30.3
2026-08-25T12:00,3.972,97,30.6
2026-08-25T13:00,3.917,95,30.7
2026-08-25T14:00,3.833,108,31.0
2026-08-25T15:00,3.75,115,30.7
2026-08-25T16:00,3.75,115,30.3
2026-08-25T17:00,3.389,114,29.6
2026-08-25T18:00,3.25,108,28.7
2026-08-25T19:00,3.056,109,27.9
2026-08-25T20:00,3.111,111,28.0
2026-08-25T21:00,3.139,121,27.6
2026-08-25T22:00,2.944,122,27.3
2026-08-25T23:00,2.944,116,27.1
2026-08-26T00:00,3.083,117,26.9
2026-08-26T01:00,3.028,109,26.8
2026-08-26T02:00,2.944,109,27.1
2026-08-26T03:00,2.333,106,26.7
2026-08-26T04:00,1.528,101,26.4
2026-08-26T05:00,1.75,83,26.1
2026-08-26T06:00,2.25,69,26.4
2026-08-26T07:00,2.306,42,27.4
2026-08-26T08:00,2.472,50,28.6
2026-08-26T09:00,2.583,65,29.7
2026-08-26T10:00,2.944,72,30.8
2026-08-26T11:00,2.944,69,31.5
2026-08-26T12:00,2.944,55,32.0
2026-08-26T13:00,3.5,48,32.2
2026-08-26T14:00,3.639,48,32.6
2026-08-26T15:00,4.167,42,32.0
2026-08-26T16:00,3.917,39,31.5
2026-08-26T17:00,4.056,44,30.5
2026-08-26T18:00,4.0,44,29.3
2026-08-26T19:00,3.944,38,28.6
2026-08-26T20:00,3.694,35,28.7
2026-08-26T21:00,3.639,34,28.5
2026-08-26T22:00,3.583,28,28.3
2026-08-26T23:00,3.722,32,28.1
2026-08-27T00:00,3.472,18,28.0
2026-08-27T01:00,3.639,19,28.0
2026-08-27T02:00,4.333,24,28.3
2026-08-27T03:00,4.5,27,28.1
2026-08-27T04:00,4.778,28,28.1
2026-08-27T05:00,4.722,22,28.2
2026-08-27T06:00,4.972,18,28.2
2026-08-27T07:00,4.861,12,28.6
2026-08-27T08:00,5.806,28,29.3
2026-08-27T09:00,6.5,33,30.0
2026-08-27T10:00,6.778,30,30.8
2026-08-27T11:00,7.056,32,31.3
2026-08-27T12:00,7.167,32,31.5
2026-08-27T13:00,7.167,34,31.6
2026-08-27T14:00,7.222,41,31.1
2026-08-27T15:00,6.806,38,30.6
2026-08-27T16:00,7.056,42,30.3
2026-08-27T17:00,6.806,38,29.6
2026-08-27T18:00,6.778,40,29.0
2026-08-27T19:00,6.444,48,28.6
2026-08-27T20:00,6.417,48,28.9
2026-08-27T21:00,6.306,52,28.5
2026-08-27T22:00,5.889,57,27.7
2026-08-27T23:00,5.861,61,28.2
2026-08-28T00:00,5.5,57,28.1
2026-08-28T01:00,5.25,52,27.9
2026-08-28T02:00,5.667,68,28.1
2026-08-28T03:00,5.444,76,27.8
2026-08-28T04:00,5.306,79,27.0
2026-08-28T05:00,5.694,72,27.4
2026-08-28T06:00,5.639,70,27.8
2026-08-28T07:00,5.444,71,28.6
2026-08-28T08:00,5.972,86,29.7
2026-08-28T09:00,6.694,92,29.9
2026-08-28T10:00,6.389,91,30.7
2026-08-28T11:00,6.417,98,30.5
2026-08-28T12:00,5.5,104,29.2
2026-08-28T13:00,5.056,104,29.8
2026-08-28T14:00,5.111,102,29.4
2026-08-28T15:00,5.583,100,30.3
2026-08-28T16:00,5.667,102,30.1
2026-08-28T17:00,5.75,105,29.3
2026-08-28T18:00,4.778,104,28.6
2026-08-28T19:00,4.889,104,28.1
2026-08-28T20:00,4.639,109,28.5
2026-08-28T21:00,4.25,115,28.0
2026-08-28T22:00,3.806,113,27.9
2026-08-28T23:00,3.611,115,27.7
2026-08-29T00:00,3.417,121,27.5
2026-08-29T01:00,3.028,121,27.3
2026-08-29T02:00,2.361,118,27.3
2026-08-29T03:00,2.333,105,26.8
2026-08-29T04:00,2.361,107,27.0
2026-08-29T05:00,2.667,111,26.8
2026-08-29T06:00,2.639,115,26.9
2026-08-29T07:00,3.028,117,28.0
2026-08-29T08:00,3.444,114,29.2
2026-08-29T09:00,3.611,112,30.1
2026-08-29T10:00,3.917,109,30.9
2026-08-29T11:00,4.0,108,31.4
2026-08-29T12:00,4.222,107,31.9
2026-08-29T13:00,4.333,104,32.0
2026-08-29T14:00,4.194,102,32.1
2026-08-29T15:00,4.278,104,31.4
2026-08-29T16:00,4.167,103,30.9
2026-08-29T17:00,4.083,101,29.9
2026-08-29T18:00,3.889,106,28.9
2026-08-29T19:00,4.0,112,28.2
2026-08-29T20:00,3.472,111,28.5
2026-08-29T21:00,3.472,111,28.1
2026-08-29T22:00,3.556,114,27.9
2026-08-29T23:00,3.306,115,27.6
2026-08-30T00:00,3.028,114,27.5
2026-08-30T01:00,3.028,110,27.3
2026-08-30T02:00,2.778,116,27.5
2026-08-30T03:00,2.861,102,27.1
2026-08-30T04:00,2.694,101,27.3
2026-08-30T05:00,2.778,103,27.5
2026-08-30T06:00,2.583,99,27.5
2026-08-30T07:00,3.111,94,28.3
2026-08-30T08:00,4.0,103,29.7
2026-08-30T09:00,3.833,117,29.5
2026-08-30T10:00,3.111,118,30.3
2026-08-30T11:00,3.139,121,31.4
2026-08-30T12:00,3.139,133,32.0
2026-08-30T13:00,3.333,150,31.4
2026-08-30T14:00,4.167,146,32.5
2026-08-30T15:00,4.417,149,32.4
2026-08-30T16:00,4.25,150,31.1
2026-08-30T17:00,4.361,146,30.4
2026-08-30T18:00,3.889,147,29.3
2026-08-30T19:00,4.0,146,28.8
2026-08-30T20:00,4.333,146,29.2
2026-08-30T21:00,4.222,156,28.6
2026-08-30T22:00,4.639,155,28.5
2026-08-30T23:00,3.75,161,28.4
2026-08-31T00:00,3.111,162,28.2
2026-08-31T01:00,3.583,160,27.9
2026-08-31T02:00,4.167,164,28.4
2026-08-31T03:00,4.056,171,28.1
2026-08-31T04:00,3.972,168,27.9
2026-08-31T05:00,4.278,169,27.8
2026-08-31T06:00,3.75,164,27.6
2026-08-31T07:00,3.667,168,28.4
2026-08-31T08:00,4.333,173,29.9
2026-08-31T09:00,4.417,177,30.7
2026-08-31T10:00,5.111,179,31.6
2026-08-31T11:00,4.194,178,32.1
2026-08-31T12:00,4.333,173,31.8
2026-08-31T13:00,3.917,169,32.5
2026-08-31T14:00,3.0,185,33.0
2026-08-31T15:00,3.556,170,32.5
2026-08-31T16:00,3.167,185,31.8
2026-08-31T17:00,1.333,222,30.2
2026-08-31T18:00,1.806,194,29.1
2026-08-31T19:00,1.417,216,26.9
2026-08-31T20:00,0.75,293,25.9
2026-08-31T21:00,1.111,309,25.9
2026-08-31T22:00,0.611,24,26.1
2026-08-31T23:00,3.222,164,26.7
2026-09-01T00:00,3.306,170,26.6
2026-09-01T01:00,3.167,157,26.4
2026-09-01T02:00,3.417,150,26.7
2026-09-01T03:00,2.778,147,26.4
2026-09-01T04:00,1.972,159,26.1
2026-09-01T05:00,2.056,148,25.8
2026-09-01T06:00,2.25,135,25.7
2026-09-01T07:00,1.806,132,26.6
2026-09-01T08:00,1.917,141,28.8
2026-09-01T09:00,1.778,128,29.5
2026-09-01T10:00,2.0,122,30.3
2026-09-01T11:00,1.833,125,30.2
2026-09-01T12:00,2.028,107,29.9
2026-09-01T13:00,2.444,107,29.1
2026-09-01T14:00,2.167,103,30.0
2026-09-01T15:00,2.528,100,29.3
2026-09-01T16:00,2.944,91,29.5
2026-09-01T17:00,3.639,113,28.3
2026-09-01T18:00,2.556,110,27.4
2026-09-01T19:00,2.444,88,27.4
2026-09-01T20:00,2.694,90,27.8
2026-09-01T21:00,2.556,92,27.6
2026-09-01T22:00,2.611,97,27.3
2026-09-01T23:00,2.5,87,27.2
2026-09-02T00:00,2.444,89,27.3
2026-09-02T01:00,2.306,89,27.1
2026-09-02T02:00,2.694,92,27.3
2026-09-02T03:00,2.5,80,27.0
2026-09-02T04:00,2.556,92,25.9
2026-09-02T05:00,1.611,54,25.7
2026-09-02T06:00,2.639,57,26.2
2026-09-02T07:00,3.083,53,26.5
2026-09-02T08:00,3.389,66,27.8
2026-09-02T09:00,4.417,76,28.5
2026-09-02T10:00,4.111,77,28.2
2026-09-02T11:00,4.111,77,28.4
2026-09-02T12:00,4.417,70,28.8
2026-09-02T13:00,5.0,88,27.9
2026-09-02T14:00,3.861,79,27.1
2026-09-02T15:00,4.222,76,25.8
2026-09-02T16:00,4.222,66,25.9
2026-09-02T17:00,4.528,77,25.7
2026-09-02T18:00,4.306,81,25.1
2026-09-02T19:00,3.667,56,24.9
2026-09-02T20:00,3.083,61,26.5
2026-09-02T21:00,3.806,91,25.3
2026-09-02T22:00,1.111,159,23.6
2026-09-02T23:00,2.778,60,25.4
2026-09-03T00:00,3.194,63,26.2
2026-09-03T01:00,3.806,69,26.3
2026-09-03T02:00,3.167,64,26.2
2026-09-03T03:00,3.306,55,26.4
2026-09-03T04:00,3.194,51,26.4
2026-09-03T05:00,2.806,59,25.6
2026-09-03T06:00,3.444,34,26.0
2026-09-03T07:00,3.778,35,26.1
2026-09-03T08:00,3.833,43,26.0
2026-09-03T09:00,3.861,41,27.6
2026-09-03T10:00,4.5,45,28.8
2026-09-03T11:00,4.778,49,29.5
2026-09-03T12:00,5.222,50,29.5
2026-09-03T13:00,5.583,50,29.8
2026-09-03T14:00,5.333,62,30.0
2026-09-03T15:00,5.444,51,29.5
2026-09-03T16:00,5.667,38,28.2
2026-09-03T17:00,4.556,31,27.5
2026-09-03T18:00,5.389,36,27.4
2026-09-03T19:00,4.583,24,27.1
2026-09-03T20:00,4.194,33,26.0
2026-09-03T21:00,4.389,19,26.2
2026-09-03T22:00,4.278,21,26.0
2026-09-03T23:00,4.167,20,26.2
2026-09-04T00:00,4.694,19,26.1
2026-09-04T01:00,4.389,17,26.1
2026-09-04T02:00,4.389,17,26.1
2026-09-04T03:00,4.639,11,26.0
2026-09-04T04:00,4.917,6,25.9
2026-09-04T05:00,4.722,7,25.8
2026-09-04T06:00,4.722,9,26.0
2026-09-04T07:00,4.361,3,26.5
2026-09-04T08:00,4.583,13,27.7
2026-09-04T09:00,5.306,22,28.7
2026-09-04T10:00,5.444,22,29.0
2026-09-04T11:00,5.056,23,29.5
2026-09-04T12:00,5.306,24,29.5
2026-09-04T13:00,5.25,22,30.1
2026-09-04T14:00,5.222,29,30.3
2026-09-04T15:00,5.5,26,29.8
2026-09-04T16:00,5.694,32,28.9
2026-09-04T17:00,5.5,26,28.3
2026-09-04T18:00,5.333,27,27.7
2026-09-04T19:00,5.556,34,26.9
2026-09-04T20:00,4.0,15,26.7
2026-09-04T21:00,4.556,30,26.5
2026-09-04T22:00,4.556,32,26.3
2026-09-04T23:00,4.111,6,25.7
2026-09-05T00:00,4.194,360,25.6
2026-09-05T01:00,3.944,353,25.5
2026-09-05T02:00,3.833,343,24.9
2026-09-05T03:00,3.694,344,24.8
2026-09-05T04:00,3.667,355,25.1
2026-09-05T05:00,3.75,2,25.1
2026-09-05T06:00,3.444,360,25.2
2026-09-05T07:00,3.417,3,25.9
2026-09-05T08:00,4.056,10,26.7
2026-09-05T09:00,4.528,26,27.5
2026-09-05T10:00,4.944,36,28.6
2026-09-05T11:00,5.167,36,29.3
2026-09-05T12:00,4.944,30,29.8
2026-09-05T13:00,4.694,25,30.2
2026-09-05T14:00,4.639,22,30.0
2026-09-05T15:00,4.389,24,29.6
2026-09-05T16:00,4.306,26,29.1
2026-09-05T17:00,4.028,28,28.4
2026-09-05T18:00,3.722,29,27.4
2026-09-05T19:00,3.389,28,26.9
2026-09-05T20:00,3.472,23,27.0
2026-09-05T21:00,3.667,28,25.9
2026-09-05T22:00,3.278,25,25.5
2026-09-05T23:00,2.806,10,25.4
2026-09-06T00:00,2.889,352,25.0
2026-09-06T01:00,2.889,349,24.8
2026-09-06T02:00,2.5,354,24.9
2026-09-06T03:00,2.333,353,24.6
2026-09-06T04:00,2.389,20,24.8
2026-09-06T05:00,2.833,34,25.2
2026-09-06T06:00,3.056,34,25.4
2026-09-06T07:00,3.194,29,26.3
2026-09-06T08:00,3.722,27,26.6
2026-09-06T09:00,3.25,23,27.1
2026-09-06T10:00,3.139,17,27.7
2026-09-06T11:00,2.972,14,28.0
2026-09-06T12:00,3.25,10,28.6
2026-09-06T13:00,3.917,10,28.7
2026-09-06T14:00,3.417,14,28.4
2026-09-06T15:00,3.806,14,28.5
2026-09-06T16:00,3.75,12,28.7
2026-09-06T17:00,3.778,11,28.3
2026-09-06T18:00,3.694,3,27.4
2026-09-06T19:00,3.361,2,26.7
2026-09-06T20:00,3.778,15,26.7
2026-09-06T21:00,3.083,13,26.3
2026-09-06T22:00,2.25,3,25.7
2026-09-06T23:00,2.361,347,25.1
2026-09-07T00:00,2.611,356,24.7
2026-09-07T01:00,2.472,342,24.3
2026-09-07T02:00,3.083,348,24.4
2026-09-07T03:00,3.306,3,24.2
2026-09-07T04:00,2.639,1,24.3
2026-09-07T05:00,2.722,343,24.1
2026-09-07T06:00,2.833,334,23.9
2026-09-07T07:00,3.0,328,24.9
2026-09-07T08:00,3.694,330,26.7
2026-09-07T09:00,4.472,338,27.1
2026-09-07T10:00,4.083,336,28.1
2026-09-07T11:00,4.444,349,27.6
2026-09-07T12:00,4.167,355,28.4
2026-09-07T13:00,4.167,350,27.7
2026-09-07T14:00,3.5,343,28.0
2026-09-07T15:00,3.583,348,28.3
2026-09-07T16:00,4.611,4,28.0
2026-09-07T17:00,4.5,13,26.9
2026-09-07T18:00,3.583,20,25.9
2026-09-07T19:00,3.028,13,26.2
2026-09-07T20:00,4.0,10,26.9
2026-09-07T21:00,3.5,5,26.2
2026-09-07T22:00,3.5,2,25.8
2026-09-07T23:00,3.361,358,25.3
2026-09-08T00:00,2.944,357,25.0
2026-09-08T01:00,2.5,344,24.6
2026-09-08T02:00,2.361,333,24.6
2026-09-08T03:00,2.278,331,24.0
2026-09-08T04:00,2.528,333,23.7
2026-09-08T05:00,2.833,328,23.7
2026-09-08T06:00,3.472,324,23.7
2026-09-08T07:00,3.417,331,24.6
2026-09-08T08:00,4.25,341,26.2
2026-09-08T09:00,4.083,335,26.4
2026-09-08T10:00,4.222,337,27.8
2026-09-08T11:00,4.528,341,28.3
2026-09-08T12:00,4.833,349,29.2
2026-09-08T13:00,4.861,359,29.2
2026-09-08T14:00,5.0,359,29.7
2026-09-08T15:00,5.139,358,29.2
2026-09-08T16:00,5.139,2,28.6
2026-09-08T17:00,5.25,2,27.8
2026-09-08T18:00,5.306,2,27.0
2026-09-08T19:00,5.361,360,26.2
2026-09-08T20:00,5.056,355,26.5
2026-09-08T21:00,4.611,359,25.9
2026-09-08T22:00,4.5,1,25.6
2026-09-08T23:00,4.444,3,25.3
2026-09-09T00:00,4.389,359,25.1
2026-09-09T01:00,4.25,357,24.8
2026-09-09T02:00,4.389,359,24.6
2026-09-09T03:00,3.75,356,24.2
2026-09-09T04:00,3.694,350,24.0
2026-09-09T05:00,3.306,346,23.6
2026-09-09T06:00,4.0,344,23.0
2026-09-09T07:00,4.417,356,24.0
2026-09-09T08:00,5.111,4,25.4
2026-09-09T09:00,5.417,4,26.5
2026-09-09T10:00,5.611,2,27.3
2026-09-09T11:00,5.611,5,27.7
2026-09-09T12:00,5.5,3,28.1
2026-09-09T13:00,5.806,1,27.7
2026-09-09T14:00,5.639,7,27.4
2026-09-09T15:00,5.361,5,26.7
2026-09-09T16:00,5.639,1,26.2
2026-09-09T17:00,5.611,359,25.6
2026-09-09T18:00,5.5,360,25.2
2026-09-09T19:00,5.111,359,25.1
2026-09-09T20:00,4.75,351,24.6
2026-09-09T21:00,3.833,334,23.9
2026-09-09T22:00,3.778,328,23.4
2026-09-09T23:00,3.833,327,23.2
2026-09-10T00:00,3.583,318,22.7
2026-09-10T01:00,3.194,310,22.3
2026-09-10T02:00,3.444,313,21.9
2026-09-10T03:00,3.417,314,21.4
2026-09-10T04:00,3.528,317,21.4
2026-09-10T05:00,3.528,315,21.2
2026-09-10T06:00,3.583,313,21.2
2026-09-10T07:00,3.5,313,22.0
2026-09-10T08:00,3.778,318,23.6
2026-09-10T09:00,4.25,320,24.7
2026-09-10T10:00,4.694,322,25.9
2026-09-10T11:00,4.417,328,26.9
2026-09-10T12:00,4.139,324,27.7
2026-09-10T13:00,4.417,328,28.4
2026-09-10T14:00,4.556,325,27.7
2026-09-10T15:00,5.25,330,27.5
2026-09-10T16:00,5.389,333,26.5
2026-09-10T17:00,4.639,335,25.4
2026-09-10T18:00,4.694,339,24.3
2026-09-10T19:00,5.0,340,24.3
2026-09-10T20:00,5.083,338,24.3
2026-09-10T21:00,4.806,332,23.9
2026-09-10T22:00,4.583,327,23.7
2026-09-10T23:00,4.194,322,23.3
2026-09-11T00:00,3.861,323,23.0
2026-09-11T01:00,3.556,320,22.9
2026-09-11T02:00,3.222,318,23.0
2026-09-11T03:00,2.861,311,22.6
2026-09-11T04:00,2.278,310,22.5
2026-09-11T05:00,1.639,313,22.5
2026-09-11T06:00,1.111,328,22.6
2026-09-11T07:00,0.639,356,23.5
2026-09-11T08:00,3.056,38,24.1
2026-09-11T09:00,4.194,29,24.0
2026-09-11T10:00,4.083,33,24.2
2026-09-11T11:00,3.889,35,25.0
2026-09-11T12:00,4.111,34,26.2
2026-09-11T13:00,4.528,35,26.6
2026-09-11T14:00,4.278,33,26.1
2026-09-11T15:00,4.056,33,26.0
2026-09-11T16:00,3.944,33,25.8
2026-09-11T17:00,3.972,35,25.5
2026-09-11T18:00,3.972,33,25.0
2026-09-11T19:00,3.556,35,24.7
2026-09-11T20:00,3.611,43,25.1
2026-09-11T21:00,3.25,49,25.0
2026-09-11T22:00,3.056,50,24.9
2026-09-11T23:00,2.944,48,24.7
