指标,方向,配对样本数,基线算法,候选算法,基线均值,候选均值,候选减基线,平均改进,相对改进率,胜,平,负
完成率,越高越好,5,贪心调度,GA,1.0,1.0,0.0,0.0,0.0,0,5,0
超时率,越低越好,5,贪心调度,GA,0.053333333333333344,0.07666666666666669,0.023333333333333338,-0.023333333333333338,-0.4375,1,2,2
从生成到完成总时间平均,越低越好,5,贪心调度,GA,197.53333333333333,195.64000000000001,-1.8933333333333338,1.8933333333333338,0.00958488018899764,3,0,2
无人机利用率,越高越好,5,贪心调度,GA,0.4986986743196869,0.508413034934227,0.00971436061454004,0.00971436061454004,0.019479419366398246,2,0,3
空载率,越低越好,5,贪心调度,GA,0.49394195890936476,0.44976720896827166,-0.04417474994109314,0.04417474994109314,0.08943307840992494,5,0,0
泊位利用率,越高越好,5,贪心调度,GA,0.0763056759171733,0.07305387867546273,-0.0032517972417105676,-0.0032517972417105676,-0.04261540445877527,2,0,3
机巢周转率,越高越好,5,贪心调度,GA,0.96,0.8600000000000001,-0.09999999999999995,-0.09999999999999995,-0.10416666666666662,0,2,3
平均泊位排队等待,越低越好,5,贪心调度,GA,0.0,0.2,0.2,-0.2,0.0,0,4,1
总能量消耗,越低越好,5,贪心调度,GA,13984.872301816074,13799.961732269197,-184.91056954687627,184.91056954687627,0.013222185055123013,3,0,2
总飞行距离,越低越好,5,贪心调度,GA,168562.71887447694,164123.86409765988,-4438.8547768170365,4438.8547768170365,0.026333549947794237,3,0,2
