实验,变量,取值,重复,Seed,算法key,算法,成功,耗时秒,错误,总步数,完成任务数,生成任务数,完成率,从生成到分配等待时间,从分配到实际装载上机等待时间,从上机到送达平均时间,从生成到完成总时间平均,从生成到完成总时间最大,超时率,平均时延,优先级1平均时延,优先级2平均时延,优先级3平均时延,总能量消耗,泊位利用率,机巢周转率,平均泊位排队等待,换电总次数,无人机利用率,空载率,总飞行距离,顺路接入次数,禁飞区绕飞次数
algorithm_comparison,场景,default,1,101,greedy,贪心调度,True,29.9128,,2274.0,60.0,60.0,1.0,8.4,60.266666666666666,138.95,207.61666666666667,758.0,0.08333333333333337,4.725,0.0,8.058823529411764,6.976190476190476,14686.618367122475,0.079155672823219,1.0,0.0,10.0,0.5229991204925242,0.497398229289753,177425.70336420494,0.0,25.0
algorithm_comparison,场景,default,1,101,ortools,OR-Tools,True,16.5615,,2144.0,60.0,60.0,1.0,6.316666666666666,60.21666666666667,135.88333333333333,202.41666666666666,522.0,0.08333333333333337,2.575,0.0,0.0,6.717391304347826,14188.76974977896,0.06716417910447761,0.8,0.0,8.0,0.5112873134328358,0.45334385074049804,168621.60709505447,5.0,18.0
algorithm_comparison,场景,default,1,101,ga,GA,True,17.0821,,2144.0,60.0,60.0,1.0,6.316666666666666,60.21666666666667,135.88333333333333,202.41666666666666,522.0,0.08333333333333337,2.575,0.0,0.0,6.717391304347826,14188.76974977896,0.06716417910447761,0.8,0.0,8.0,0.5112873134328358,0.45334385074049804,168621.60709505447,5.0,18.0
algorithm_comparison,场景,default,1,101,pso,PSO,True,15.0559,,2144.0,60.0,60.0,1.0,6.316666666666666,60.21666666666667,135.88333333333333,202.41666666666666,522.0,0.08333333333333337,2.575,0.0,0.0,6.717391304347826,14188.76974977896,0.06716417910447761,0.8,0.0,8.0,0.5112873134328358,0.45334385074049804,168621.60709505447,5.0,18.0
algorithm_comparison,场景,default,2,102,greedy,贪心调度,True,37.0939,,2243.0,60.0,60.0,1.0,9.283333333333333,62.53333333333333,151.58333333333334,223.4,622.0,0.033333333333333326,2.525,0.0,0.0,7.214285714285714,15318.620495536,0.09629959875167186,1.2,0.0,12.0,0.5700847079803835,0.4833554585525433,187318.20791160016,0.0,34.0
algorithm_comparison,场景,default,2,102,ortools,OR-Tools,True,39.2791,,2135.0,60.0,60.0,1.0,5.0,60.45,160.76666666666668,226.21666666666667,599.0,0.15000000000000002,17.016666666666666,4.625,0.0,36.42307692307692,15025.976852376209,0.09274004683840749,1.1,0.0,11.0,0.5656674473067915,0.44853150153920424,179286.4453600035,7.0,21.0
algorithm_comparison,场景,default,2,102,ga,GA,True,32.569,,2135.0,60.0,60.0,1.0,5.0,60.45,160.76666666666668,226.21666666666667,599.0,0.15000000000000002,17.016666666666666,4.625,0.0,36.42307692307692,15025.976852376209,0.09274004683840749,1.1,0.0,11.0,0.5656674473067915,0.44853150153920424,179286.4453600035,7.0,21.0
algorithm_comparison,场景,default,2,102,pso,PSO,True,35.6895,,2135.0,60.0,60.0,1.0,5.0,60.45,160.76666666666668,226.21666666666667,599.0,0.15000000000000002,17.016666666666666,4.625,0.0,36.42307692307692,15025.976852376209,0.09274004683840749,1.1,0.0,11.0,0.5656674473067915,0.44853150153920424,179286.4453600035,7.0,21.0
algorithm_comparison,场景,default,3,103,greedy,贪心调度,True,22.026,,2112.0,60.0,60.0,1.0,7.166666666666667,67.78333333333333,104.6,179.55,420.0,0.06666666666666665,4.008333333333334,0.0,0.0,14.147058823529411,12414.983514785486,0.06818181818181818,0.8,0.0,8.0,0.4868844696969697,0.4841458456595609,155404.03210967375,0.0,21.0
algorithm_comparison,场景,default,3,103,ortools,OR-Tools,True,18.6877,,2052.0,60.0,60.0,1.0,7.25,63.733333333333334,119.6,190.58333333333334,524.0,0.06666666666666665,4.641666666666667,0.0,0.0,11.604166666666666,14189.960539998861,0.07017543859649122,0.8,1.0,8.0,0.5173976608187134,0.4390945074053305,161835.21940936265,3.0,14.0
algorithm_comparison,场景,default,3,103,ga,GA,True,19.2814,,2052.0,60.0,60.0,1.0,7.25,63.733333333333334,119.6,190.58333333333334,524.0,0.06666666666666665,4.641666666666667,0.0,0.0,11.604166666666666,14189.960539998861,0.07017543859649122,0.8,1.0,8.0,0.5173976608187134,0.4390945074053305,161835.21940936265,3.0,14.0
algorithm_comparison,场景,default,3,103,pso,PSO,True,13.5555,,2173.0,60.0,60.0,1.0,8.1,61.05,114.78333333333333,183.93333333333334,574.0,0.08333333333333337,5.075,0.0,0.0,12.18,13890.652784844948,0.07455131155085136,0.9,0.0,9.0,0.4710538426138978,0.42461618619269026,156636.647904818,2.0,15.0
algorithm_comparison,场景,default,4,104,greedy,贪心调度,True,27.7541,,2280.0,60.0,60.0,1.0,7.833333333333333,62.65,125.41666666666667,195.9,591.0,0.033333333333333326,2.0833333333333335,0.0,0.0,8.928571428571429,14402.393355756736,0.07894736842105263,1.0,0.0,10.0,0.492280701754386,0.5023239522170442,170128.46936059388,0.0,19.0
algorithm_comparison,场景,default,4,104,ortools,OR-Tools,True,34.6941,,2112.0,60.0,60.0,1.0,2.9166666666666665,53.833333333333336,122.26666666666667,179.01666666666668,518.0,0.01666666666666672,3.1416666666666666,0.0,0.0,8.195652173913043,12391.690825738904,0.06818181818181818,0.8,0.0,8.0,0.4739109848484849,0.44131495635017975,153956.87527205358,4.0,17.0
algorithm_comparison,场景,default,4,104,ga,GA,True,39.1608,,2112.0,60.0,60.0,1.0,2.9166666666666665,53.833333333333336,122.26666666666667,179.01666666666668,518.0,0.01666666666666672,3.1416666666666666,0.0,0.0,8.195652173913043,12391.690825738904,0.06818181818181818,0.8,0.0,8.0,0.4739109848484849,0.44131495635017975,153956.87527205358,4.0,17.0
algorithm_comparison,场景,default,4,104,pso,PSO,True,29.1338,,2112.0,60.0,60.0,1.0,2.9166666666666665,53.833333333333336,122.26666666666667,179.01666666666668,518.0,0.01666666666666672,3.1416666666666666,0.0,0.0,8.195652173913043,12391.690825738904,0.06818181818181818,0.8,0.0,8.0,0.4739109848484849,0.44131495635017975,153956.87527205358,4.0,17.0
algorithm_comparison,场景,default,5,105,greedy,贪心调度,True,26.5815,,2443.0,60.0,60.0,1.0,8.683333333333334,53.65,118.86666666666666,181.2,629.0,0.050000000000000044,7.741666666666666,0.0,0.0,17.865384615384617,13101.745775879674,0.05894392140810479,0.8,0.0,8.0,0.4212443716741711,0.5024863088279224,152537.18162631194,0.0,27.0
algorithm_comparison,场景,default,5,105,ortools,OR-Tools,True,19.297,,2120.0,60.0,60.0,1.0,5.15,53.45,115.36666666666666,173.96666666666667,531.0,0.08333333333333337,4.741666666666666,0.0,0.0,11.854166666666666,12865.08291022404,0.06792452830188679,0.8,0.0,8.0,0.46570754716981133,0.457718968261276,152303.5521295737,2.0,24.0
algorithm_comparison,场景,default,5,105,ga,GA,True,21.4454,,2149.0,60.0,60.0,1.0,5.45,49.233333333333334,125.28333333333333,179.96666666666667,519.0,0.06666666666666665,3.783333333333333,0.0,0.0,9.458333333333334,13203.410693453057,0.06700791065611912,0.8,0.0,8.0,0.473801768264309,0.46655122880614563,156919.17335182527,3.0,23.0
algorithm_comparison,场景,default,5,105,pso,PSO,True,22.7925,,2149.0,60.0,60.0,1.0,5.45,49.233333333333334,125.28333333333333,179.96666666666667,519.0,0.06666666666666665,3.783333333333333,0.0,0.0,9.458333333333334,13203.410693453057,0.06700791065611912,0.8,0.0,8.0,0.473801768264309,0.46655122880614563,156919.17335182527,3.0,23.0
task_scale,任务规模,30,1,10101,greedy,贪心调度,True,18.5638,,1197.0,30.0,30.0,1.0,10.966666666666667,78.26666666666667,165.43333333333334,254.66666666666666,625.0,0.09999999999999998,20.316666666666666,0.0,0.0,43.535714285714285,7326.132664025451,0.07518796992481203,0.5,154.33333333333334,5.0,0.6082706766917293,0.5044179580077429,106338.53647013361,0.0,20.0
task_scale,任务规模,30,1,10101,ga,GA,True,14.6065,,802.0,30.0,30.0,1.0,6.133333333333334,58.5,131.63333333333333,196.26666666666668,508.0,0.06666666666666665,0.95,0.0,0.0,2.1923076923076925,7955.712777385495,0.04488778054862843,0.2,0.0,2.0,0.663715710723192,0.437762646182575,87329.90874966356,4.0,17.0
task_scale,任务规模,30,2,10102,greedy,贪心调度,True,11.7667,,1060.0,30.0,30.0,1.0,14.7,69.63333333333334,147.0,231.33333333333334,543.0,0.06666666666666665,14.116666666666667,0.0,0.0,84.7,7696.467400798557,0.08490566037735849,0.5,0.0,5.0,0.6102830188679246,0.5346649822488688,101265.29195181098,0.0,7.0
task_scale,任务规模,30,2,10102,ga,GA,True,13.2698,,837.0,30.0,30.0,1.0,7.466666666666667,72.13333333333334,138.33333333333334,217.93333333333334,487.0,0.06666666666666665,5.366666666666666,0.0,0.0,16.1,8865.733670935142,0.021505376344086023,0.1,0.0,1.0,0.6314217443249701,0.5056731013182089,90592.03934986127,6.0,8.0
task_scale,任务规模,60,1,10101,greedy,贪心调度,True,29.1983,,2067.0,60.0,60.0,1.0,6.65,74.16666666666667,134.03333333333333,214.85,625.0,0.08333333333333337,12.191666666666666,0.0,0.0,31.804347826086957,12340.1138076444,0.08708272859216255,1.0,154.33333333333334,10.0,0.6014513788098694,0.4960352195139824,179859.44487402093,0.0,38.0
task_scale,任务规模,60,1,10101,ga,GA,True,25.4838,,2089.0,60.0,60.0,1.0,5.35,69.1,127.45,201.9,508.0,0.08333333333333337,3.4916666666666667,0.0,0.0,9.522727272727273,14597.650525410589,0.0861656294877932,1.0,0.0,10.0,0.5448539971278124,0.43473814180003156,171899.3792363291,4.0,28.0
task_scale,任务规模,60,2,10102,greedy,贪心调度,True,28.8423,,2359.0,60.0,60.0,1.0,9.316666666666666,71.35,165.76666666666668,246.43333333333334,557.0,0.06666666666666665,12.466666666666667,0.0,0.0,53.42857142857143,16517.321905559067,0.09919457397202204,1.3,0.0,13.0,0.6005510809665112,0.5052568905099334,211631.53369737472,0.0,19.0
task_scale,任务规模,60,2,10102,ga,GA,True,24.904,,2307.0,60.0,60.0,1.0,12.8,72.66666666666667,150.6,236.06666666666666,575.0,0.050000000000000044,5.816666666666666,0.0,0.0,14.541666666666666,16922.166293853505,0.07022106631989597,0.9,118.33333333333333,9.0,0.5347637624620719,0.48169576630135474,185767.55739815315,6.0,19.0
task_scale,任务规模,90,1,10101,greedy,贪心调度,True,30.953,,3253.0,90.0,90.0,1.0,5.033333333333333,75.93333333333334,144.5,225.46666666666667,625.0,0.09999999999999998,13.605555555555556,0.0,0.0,37.10606060606061,20177.10646905539,0.09960036889025516,1.8,154.33333333333334,18.0,0.6071011374116201,0.5089467842216682,281725.03625163966,0.0,53.0
task_scale,任务规模,90,1,10101,ga,GA,True,31.9273,,3205.0,90.0,90.0,1.0,3.566666666666667,70.95555555555555,130.44444444444446,204.96666666666667,508.0,0.07777777777777772,2.911111111111111,0.0,0.0,7.705882352941177,21480.20212709846,0.08985959438377535,1.6,0.0,16.0,0.5517940717628705,0.44595843474626673,265392.2696160521,4.0,42.0
task_scale,任务规模,90,2,10102,greedy,贪心调度,True,31.1205,,3257.0,90.0,90.0,1.0,6.211111111111111,76.96666666666667,161.67777777777778,244.85555555555555,568.0,0.07777777777777772,12.45,0.0,0.0,44.82,23599.125322914424,0.11605772182990481,2.1,129.0,21.0,0.6566779244703715,0.5128643106632964,311885.6809288578,0.0,32.0
task_scale,任务规模,90,2,10102,ga,GA,True,37.6463,,3377.0,90.0,90.0,1.0,8.6,74.81111111111112,155.1888888888889,238.6,575.0,0.05555555555555558,7.838888888888889,0.0,0.0,19.59722222222222,24642.149226061792,0.10127331951436186,1.9,118.33333333333333,19.0,0.5803079656499852,0.48964273083851023,282959.4346451048,7.0,37.0
task_density,任务密度,高密度,1,15101,greedy,贪心调度,True,30.842,,1800.0,60.0,60.0,1.0,29.25,67.28333333333333,138.51666666666668,235.05,563.0,0.06666666666666665,6.0,0.0,0.0,17.142857142857142,15718.565822999582,0.11,1.1,0.0,11.0,0.6826666666666666,0.5018671136730317,182129.55615982614,0.0,25.0
task_density,任务密度,高密度,1,15101,ga,GA,True,19.5379,,2015.0,58.0,60.0,0.9666666666666667,14.03448275862069,46.03448275862069,159.86206896551724,219.93103448275863,738.0,0.051724137931034475,8.267241379310345,0.0,0.0,20.847826086956523,15735.184204429363,0.0803970223325062,0.9,0.0,9.0,0.5800496277915633,0.44085498858655714,175699.82144630904,5.0,22.0
task_density,任务密度,高密度,2,15102,greedy,贪心调度,True,28.7564,,2032.0,60.0,60.0,1.0,14.466666666666667,73.61666666666666,141.38333333333333,229.46666666666667,637.0,0.01666666666666672,0.19166666666666668,0.0,0.0,0.5476190476190477,14814.982554129443,0.09744094488188976,1.1,40.75,11.0,0.6318897637795275,0.4778274193885135,187917.07103379306,0.0,21.0
task_density,任务密度,高密度,2,15102,ga,GA,True,24.2913,,3600.0,55.0,60.0,0.9166666666666666,17.09090909090909,77.94545454545455,165.8181818181818,260.8545454545455,682.0,0.10909090909090913,13.4,0.0,0.0,29.48,15027.225987525278,0.045,0.9,67.0,9.0,0.33416666666666667,0.47894294223574246,178948.79275911907,8.0,20.0
task_density,任务密度,常规密度,1,15101,greedy,贪心调度,True,18.5176,,2248.0,60.0,60.0,1.0,8.683333333333334,64.95,141.78333333333333,215.41666666666666,471.0,0.050000000000000044,3.1416666666666666,0.0,0.0,9.425,12899.049683539657,0.09608540925266904,1.2,0.0,12.0,0.5491103202846975,0.5231595269405624,182508.87167992126,0.0,22.0
task_density,任务密度,常规密度,1,15101,ga,GA,True,15.317,,1917.0,60.0,60.0,1.0,4.583333333333333,65.61666666666666,109.81666666666666,180.01666666666668,497.0,0.033333333333333326,2.425,0.0,0.0,7.657894736842105,12951.080053189266,0.06572769953051644,0.7,0.0,7.0,0.5270213875847679,0.46890241217301465,160333.8232699648,5.0,14.0
task_density,任务密度,常规密度,2,15102,greedy,贪心调度,True,24.4939,,2210.0,60.0,60.0,1.0,10.3,78.28333333333333,138.66666666666666,227.25,531.0,0.050000000000000044,4.158333333333333,0.0,0.0,14.676470588235293,15053.82342158655,0.09773755656108597,1.2,0.0,12.0,0.586289592760181,0.5349472345912789,190981.6440881759,0.0,18.0
task_density,任务密度,常规密度,2,15102,ga,GA,True,21.2916,,2105.0,60.0,60.0,1.0,6.183333333333334,73.3,137.26666666666668,216.75,535.0,0.01666666666666672,0.8916666666666667,0.0,0.0,2.5476190476190474,14373.743691234644,0.09406175771971496,1.1,63.0,11.0,0.5685510688836104,0.4841846722248605,177829.5272866399,4.0,14.0
task_density,任务密度,低密度,1,15101,greedy,贪心调度,True,23.789,,3080.0,60.0,60.0,1.0,5.516666666666667,66.6,120.23333333333333,192.35,595.0,0.050000000000000044,4.175,0.0,0.0,11.928571428571429,11385.340521005444,0.052597402597402594,0.9,0.0,9.0,0.362012987012987,0.4730354456786485,159902.78154994705,0.0,15.0
task_density,任务密度,低密度,1,15101,ga,GA,True,23.6001,,2970.0,60.0,60.0,1.0,7.35,43.81666666666667,149.71666666666667,200.88333333333333,485.0,0.06666666666666665,2.316666666666667,0.0,0.0,4.964285714285714,14805.944023391388,0.06060606060606061,1.0,0.0,10.0,0.38097643097643097,0.4259214580584104,172265.76202408032,2.0,19.0
task_density,任务密度,低密度,2,15102,greedy,贪心调度,True,23.4137,,3327.0,60.0,60.0,1.0,6.15,82.3,147.21666666666667,235.66666666666666,801.0,0.06666666666666665,7.85,0.0,5.368421052631579,20.5,15447.233394065619,0.06492335437330929,1.2,0.0,12.0,0.4121130147279832,0.5183827633442974,198564.15717466932,0.0,23.0
task_density,任务密度,低密度,2,15102,ga,GA,True,22.6467,,2864.0,60.0,60.0,1.0,3.1166666666666667,60.43333333333333,128.28333333333333,191.83333333333334,483.0,0.0,0.0,0.0,0.0,0.0,15556.180329393188,0.05656424581005587,0.9,0.0,9.0,0.38177374301675976,0.44795266804710293,165811.07008470022,2.0,20.0
nest_berths,机巢泊位数,1,1,20101,greedy,贪心调度,True,25.7667,,2166.0,60.0,60.0,1.0,5.966666666666667,73.56666666666666,144.26666666666668,223.8,678.0,0.06666666666666665,7.533333333333333,2.9545454545454546,0.0,25.8,13904.084671182965,0.18282548476454294,2.2,171.0,11.0,0.6006463527239151,0.47286029586744976,185065.9842867552,0.0,18.0
nest_berths,机巢泊位数,1,1,20101,ga,GA,True,23.4787,,2093.0,60.0,60.0,1.0,1.5166666666666666,59.18333333333333,138.28333333333333,198.98333333333332,448.0,0.06666666666666665,5.45,0.0,0.0,18.166666666666668,13904.639277040435,0.15480172001911133,1.8,0.0,9.0,0.517056856187291,0.43184406953304433,165017.53727023615,6.0,20.0
nest_berths,机巢泊位数,1,2,20102,greedy,贪心调度,True,27.3315,,2296.0,60.0,60.0,1.0,4.683333333333334,67.61666666666666,148.2,220.5,756.0,0.06666666666666665,11.408333333333333,0.0,0.0,40.26470588235294,12274.542996632197,0.18815331010452963,2.4,105.0,12.0,0.5613675958188153,0.5006882884035968,185569.62480319286,0.0,24.0
nest_berths,机巢泊位数,1,2,20102,ga,GA,True,19.2383,,2052.0,60.0,60.0,1.0,4.583333333333333,57.31666666666667,125.28333333333333,187.18333333333334,449.0,0.033333333333333326,1.5416666666666667,0.0,0.0,4.625,12874.069100296212,0.14035087719298245,1.6,41.666666666666664,8.0,0.508187134502924,0.4403691495896794,156925.9683361813,2.0,21.0
nest_berths,机巢泊位数,2,1,20101,greedy,贪心调度,True,25.9702,,2137.0,60.0,60.0,1.0,5.966666666666667,70.11666666666666,143.35,219.43333333333334,538.0,0.08333333333333337,6.8,0.0,0.0,25.5,13184.38865003259,0.10107627515208235,1.2,77.0,12.0,0.5965372016846046,0.5088684296864505,184688.1260284728,0.0,25.0
nest_berths,机巢泊位数,2,1,20101,ga,GA,True,24.5203,,2093.0,60.0,60.0,1.0,1.5166666666666666,59.18333333333333,138.28333333333333,198.98333333333332,448.0,0.06666666666666665,5.45,0.0,0.0,18.166666666666668,13904.639277040435,0.07740086000955566,0.9,0.0,9.0,0.517056856187291,0.43184406953304433,165017.53727023615,6.0,20.0
nest_berths,机巢泊位数,2,2,20102,greedy,贪心调度,True,31.7981,,2296.0,60.0,60.0,1.0,4.683333333333334,67.61666666666666,146.45,218.75,756.0,0.06666666666666665,11.408333333333333,0.0,0.0,40.26470588235294,12274.542996632195,0.09407665505226481,1.2,0.0,12.0,0.556794425087108,0.5006882884035968,185569.62480319286,0.0,24.0
nest_berths,机巢泊位数,2,2,20102,ga,GA,True,18.4656,,1994.0,60.0,60.0,1.0,4.583333333333333,57.31666666666667,123.2,185.1,418.0,0.033333333333333326,1.5416666666666667,0.0,0.0,4.625,12874.069100296208,0.07221664994984955,0.8,0.0,8.0,0.5167001003009027,0.4403691495896794,156925.9683361813,2.0,21.0
nest_berths,机巢泊位数,4,1,20101,greedy,贪心调度,True,26.4469,,2141.0,60.0,60.0,1.0,5.966666666666667,72.96666666666667,142.18333333333334,221.11666666666667,600.0,0.09999999999999998,10.808333333333334,0.0,0.0,38.14705882352941,13661.07766939643,0.05044371788883699,0.6,0.0,12.0,0.6001401214385801,0.5046871476449222,187795.29248980546,0.0,22.0
nest_berths,机巢泊位数,4,1,20101,ga,GA,True,25.0767,,2093.0,60.0,60.0,1.0,1.5166666666666666,59.18333333333333,138.28333333333333,198.98333333333332,448.0,0.06666666666666665,5.45,0.0,0.0,18.166666666666668,13904.639277040435,0.03870043000477783,0.45,0.0,9.0,0.517056856187291,0.43184406953304433,165017.53727023615,6.0,20.0
nest_berths,机巢泊位数,4,2,20102,greedy,贪心调度,True,30.5613,,2296.0,60.0,60.0,1.0,4.683333333333334,67.61666666666666,146.45,218.75,756.0,0.06666666666666665,11.408333333333333,0.0,0.0,40.26470588235294,12274.542996632195,0.047038327526132406,0.6,0.0,12.0,0.556794425087108,0.5006882884035968,185569.62480319286,0.0,24.0
nest_berths,机巢泊位数,4,2,20102,ga,GA,True,19.8043,,1994.0,60.0,60.0,1.0,4.583333333333333,57.31666666666667,123.2,185.1,418.0,0.033333333333333326,1.5416666666666667,0.0,0.0,4.625,12874.069100296208,0.03610832497492478,0.4,0.0,8.0,0.5167001003009027,0.4403691495896794,156925.9683361813,2.0,21.0
fleet_mix,异构机队配比,均衡机队,1,30101,greedy,贪心调度,True,27.5389,,2340.0,60.0,60.0,1.0,5.533333333333333,51.6,128.35,185.48333333333332,530.0,0.06666666666666665,8.566666666666666,0.0,0.0,27.05263157894737,11680.83559791184,0.06923076923076923,0.9,0.0,9.0,0.45884615384615385,0.48407589551876984,162845.65510651,0.0,22.0
fleet_mix,异构机队配比,均衡机队,1,30101,ga,GA,True,26.1212,,2523.0,60.0,60.0,1.0,2.45,46.833333333333336,112.73333333333333,162.01666666666668,455.0,0.01666666666666672,0.775,0.0,0.0,2.1136363636363638,12405.423312695873,0.057074910820451845,0.8,0.0,8.0,0.36741973840665876,0.4262511372531973,139534.4495713832,2.0,17.0
fleet_mix,异构机队配比,均衡机队,2,30102,greedy,贪心调度,True,23.7639,,2320.0,60.0,60.0,1.0,8.633333333333333,80.83333333333333,121.5,210.96666666666667,731.0,0.033333333333333326,3.941666666666667,0.0,0.0,13.13888888888889,14442.380386950717,0.07758620689655173,1.0,0.0,10.0,0.5206896551724138,0.5038639894467988,180638.93873722496,0.0,16.0
fleet_mix,异构机队配比,均衡机队,2,30102,ga,GA,True,28.5599,,1996.0,59.0,60.0,0.9833333333333333,3.4915254237288136,63.20338983050848,148.40677966101694,215.10169491525423,540.0,0.06779661016949157,5.788135593220339,0.0,0.0,16.261904761904763,13855.99675822456,0.09018036072144289,1.0,0.0,10.0,0.587875751503006,0.4634196802571895,179150.21605625618,3.0,18.0
fleet_mix,异构机队配比,轻载偏多,1,30101,greedy,贪心调度,True,20.8392,,2858.0,60.0,60.0,1.0,43.85,68.13333333333334,146.45,258.43333333333334,784.0,0.1333333333333333,13.866666666666667,1.375,0.0,32.4,15539.02812909185,0.07557732680195942,1.2,102.0,12.0,0.44839048285514344,0.5141840898908789,188331.30566697445,0.0,16.0
fleet_mix,异构机队配比,轻载偏多,1,30101,ga,GA,True,28.7809,,2518.0,60.0,60.0,1.0,32.6,59.666666666666664,131.25,223.51666666666668,687.0,0.08333333333333337,9.5,0.0,0.0,30.0,13340.505765510592,0.05003971405877681,0.7,0.0,7.0,0.38224781572676725,0.43583296619970124,150186.0935535988,5.0,15.0
fleet_mix,异构机队配比,轻载偏多,2,30102,greedy,贪心调度,True,16.3164,,2315.0,60.0,60.0,1.0,23.383333333333333,73.75,133.03333333333333,230.16666666666666,790.0,0.06666666666666665,11.408333333333333,0.0,0.0,45.63333333333333,12626.962177523403,0.09330453563714902,1.2,36.0,12.0,0.5333477321814255,0.4822329221445218,185450.30715972095,0.0,15.0
fleet_mix,异构机队配比,轻载偏多,2,30102,ga,GA,True,18.7854,,2524.0,60.0,60.0,1.0,66.91666666666667,74.56666666666666,168.91666666666666,310.4,1222.0,0.1166666666666667,26.175,9.318181818181818,1.55,74.13888888888889,15086.123077300312,0.08557844690966719,1.2,0.0,12.0,0.49021394611727415,0.4647840088788405,183812.65516597388,7.0,12.0
fleet_mix,异构机队配比,重载偏多,1,30101,greedy,贪心调度,True,23.8485,,2499.0,60.0,60.0,1.0,4.116666666666666,81.15,114.4,199.66666666666666,605.0,0.06666666666666665,10.25,0.0,0.0,29.285714285714285,13616.331115923704,0.07202881152460984,1.0,86.5,10.0,0.46710684273709485,0.5004179365961561,167108.18040773057,0.0,18.0
fleet_mix,异构机队配比,重载偏多,1,30101,ga,GA,True,24.7749,,2523.0,60.0,60.0,1.0,0.03333333333333333,43.45,99.53333333333333,143.01666666666668,520.0,0.0,0.0,0.0,0.0,0.0,13688.010563290509,0.0356718192627824,0.5,0.0,5.0,0.32461355529131986,0.40575045337917703,132236.45197463495,3.0,18.0
fleet_mix,异构机队配比,重载偏多,2,30102,greedy,贪心调度,True,18.4179,,2356.0,60.0,60.0,1.0,7.383333333333334,72.56666666666666,121.56666666666666,201.51666666666668,767.0,0.01666666666666672,0.2,0.0,0.5217391304347826,0.0,12969.402189445567,0.06876061120543293,0.9,0.0,9.0,0.49185059422750427,0.49751745928520913,171365.67495615597,0.0,19.0
fleet_mix,异构机队配比,重载偏多,2,30102,ga,GA,True,23.5925,,2232.0,60.0,60.0,1.0,3.0833333333333335,64.6,144.9,212.58333333333334,563.0,0.1166666666666667,15.416666666666666,0.0,0.0,42.04545454545455,17236.4555358675,0.06451612903225806,0.8,0.0,8.0,0.5234318996415771,0.4414849221329708,182550.7380401007,3.0,17.0
